username,acctdesc,location,following,totaltweets,usercreatedts,tweetcreatedts,retweetcount,text,hashtags,followers
HumasBaturiti,,"Baturiti, Indonesia",5,11,423,2022-02-09 07:31:02,2022-04-03 23:50:05,0,"Akselerasi vaksinasi nasional, Polres Tabanan Gelar Vaksinasi Booster di desa Banjar Anyar, Kediri, Tabanan. #vaksinbooster #vaks√¨nasicovid19 #vaksinserentak #vaks√¨ncovid19 #vaks√¨nuntukindonesia #bersatulawancovid19 #polrestabanan https://t.co/OLSmJiIHT6","[{'text': 'vaksinbooster', 'indices': [109, 123]}, {'text': 'vaks√¨nasicovid19', 'indices': [124, 141]}, {'text': 'vaksinserentak', 'indices': [142, 157]}, {'text': 'vaks√¨ncovid19', 'indices': [158, 172]}, {'text': 'vaks√¨nuntukindonesia', 'indices': [173, 194]}, {'text': 'bersatulawancovid19', 'indices': [195, 215]}, {'text': 'polrestabanan', 'indices': [216, 230]}]"
PSelemadeg,,,5,19,1344,2021-02-23 05:33:04,2022-04-03 23:49:25,0,"Akselerasi vaksinasi nasional, Polres Tabanan Gelar Vaksinasi Booster di desa Banjar Anyar, Kediri, Tabanan. #vaksinbooster #vaks√¨nasicovid19 #vaksinserentak #vaks√¨ncovid19 #vaks√¨nuntukindonesia #bersatulawancovid19 #polrestabanan https://t.co/YaUWWB81P6","[{'text': 'vaksinbooster', 'indices': [109, 123]}, {'text': 'vaks√¨nasicovid19', 'indices': [124, 141]}, {'text': 'vaksinserentak', 'indices': [142, 157]}, {'text': 'vaks√¨ncovid19', 'indices': [158, 172]}, {'text': 'vaks√¨nuntukindonesia', 'indices': [173, 194]}, {'text': 'bersatulawancovid19', 'indices': [195, 215]}, {'text': 'polrestabanan', 'indices': [216, 230]}]"
TabananHumas,,,4,9,4166,2021-05-09 22:52:02,2022-04-03 23:15:47,1,"Akselerasi vaksinasi nasional, Polres Tabanan Gelar Vaksinasi Booster di desa Banjar Anyar, Kediri, Tabanan. #vaksinbooster #vaks√¨nasicovid19 #vaksinserentak #vaks√¨ncovid19 #vaks√¨nuntukindonesia #bersatulawancovid19 #polrestabanan https://t.co/ox83XXL7re",[]
TabananHumas,,,4,9,4166,2021-05-09 22:52:02,2022-04-03 23:14:19,1,"Akselerasi vaksinasi nasional, Polres Tabanan Gelar Vaksinasi Booster di desa Banjar Anyar, Kediri, Tabanan. #vaksinbooster #vaks√¨nasicovid19 #vaksinserentak #vaks√¨ncovid19 #vaks√¨nuntukindonesia #bersatulawancovid19 #polrestabanan https://t.co/ox83XXL7re","[{'text': 'vaksinbooster', 'indices': [109, 123]}, {'text': 'vaks√¨nasicovid19', 'indices': [124, 141]}, {'text': 'vaksinserentak', 'indices': [142, 157]}, {'text': 'vaks√¨ncovid19', 'indices': [158, 172]}, {'text': 'vaks√¨nuntukindonesia', 'indices': [173, 194]}, {'text': 'bersatulawancovid19', 'indices': [195, 215]}, {'text': 'polrestabanan', 'indices': [216, 230]}]"
PSeltim,Akurat terpercaya,,120,226,3654,2020-03-31 05:23:48,2022-04-03 23:13:52,0,"Akselerasi vaksinasi nasional, Polres Tabanan Gelar Vaksinasi Booster di desa Banjar Anyar, Kediri, Tabanan. #vaksinbooster #vaks√¨nasicovid19 #vaksinserentak #vaks√¨ncovid19 #vaks√¨nuntukindonesia #bersatulawancovid19 #polrestabanan https://t.co/CqlQ43UVdp","[{'text': 'vaksinbooster', 'indices': [109, 123]}, {'text': 'vaks√¨nasicovid19', 'indices': [124, 141]}, {'text': 'vaksinserentak', 'indices': [142, 157]}, {'text': 'vaks√¨ncovid19', 'indices': [158, 172]}, {'text': 'vaks√¨nuntukindonesia', 'indices': [173, 194]}, {'text': 'bersatulawancovid19', 'indices': [195, 215]}, {'text': 'polrestabanan', 'indices': [216, 230]}]"
tabanan_polres,,,436,582,21122,2018-02-14 00:31:37,2022-04-03 22:57:18,2,"Akselerasi vaksinasi nasional, Polres Tabanan Gelar Vaksinasi Booster di desa Banjar Anyar, Kediri, Tabanan. #vaksinbooster #vaks√¨nasicovid19 #vaksinserentak #vaks√¨ncovid19 #vaks√¨nuntukindonesia #bersatulawancovid19 #polrestabanan https://t.co/LUiGqyIiuf","[{'text': 'vaksinbooster', 'indices': [109, 123]}, {'text': 'vaks√¨nasicovid19', 'indices': [124, 141]}, {'text': 'vaksinserentak', 'indices': [142, 157]}, {'text': 'vaks√¨ncovid19', 'indices': [158, 172]}, {'text': 'vaks√¨nuntukindonesia', 'indices': [173, 194]}, {'text': 'bersatulawancovid19', 'indices': [195, 215]}, {'text': 'polrestabanan', 'indices': [216, 230]}]"
shaqibshahril,Former Climate Finance @IYCM Focal Point to @UNFCCC. Exco @BNYVMY. Co-created #FilemAhad. Advocate #DasarKomuniti in @PulaiP161. Chakueh rojak & Indies FTW.,"Pulai, Johor",1611,3295,172682,2009-07-26 03:41:31,2022-04-03 22:00:43,1,"Mulai bulan ini, anda perlu sekurang-kurangnya melengkapkan dos utama vaksin COVID-19 untuk menyertai sebarang aktiviti. 

Selain itu, dos penggalak masih sangat digalakkan terutamanya untuk warga emas.

#BuletinFM #KKM #covid19 #vaksin #SOP

Sumber: @KKMPutrajaya https://t.co/ubxChUE6xq",[]
buletinfm,Isu Semasa dan Info Terkini. Strim Buletin FM: ‚û°Ô∏èhttps://t.co/PYPQonFh7W ‚û°Ô∏èhttps://t.co/l7fycCj6w4,"Petaling Jaya, Selangor",1601,17855,39095,2015-11-16 03:12:37,2022-04-03 22:00:08,1,"Mulai bulan ini, anda perlu sekurang-kurangnya melengkapkan dos utama vaksin COVID-19 untuk menyertai sebarang aktiviti. 

Selain itu, dos penggalak masih sangat digalakkan terutamanya untuk warga emas.

#BuletinFM #KKM #covid19 #vaksin #SOP

Sumber: @KKMPutrajaya https://t.co/ubxChUE6xq","[{'text': 'BuletinFM', 'indices': [204, 214]}, {'text': 'KKM', 'indices': [215, 219]}, {'text': 'covid19', 'indices': [220, 228]}, {'text': 'vaksin', 'indices': [229, 236]}, {'text': 'SOP', 'indices': [237, 241]}]"
TheUncleDee,"Hamba ALLAH SWT,
Pejabat Negara 2019-2024,
Kaya Raya,
Bukan Artis,
""Kita nggak bisa menutup mulut semua Orang, Yang bisa kita lakukan Mengontrol telinga Kita""",,241,819,13895,2014-03-24 10:36:19,2022-04-03 21:55:52,0,"@StopPlandemit @visiau #Vaksin Kadaluarsa Mengintai Warga Indonesia, Waspada.

Kematian Akibat Vaksin TIDAK ADA YANG BERTANGGUNG JAWAB. 

Stop Vaksin","[{'text': 'Vaksin', 'indices': [23, 30]}]"
onrainydays915,BLACKJACK who works for NCT | Japan-48 Family-Amuse Boys-Johnny's - Ryujin Nippon | Eunhyuk - Jhope - PCY - Ishikawa Yuki | Am I YG stan?,Tokyo Dome,384,207,35408,2012-11-09 14:13:40,2022-04-03 17:17:50,1,"https://t.co/k8aZGmicL2
Mau Travel ke Luar Negeri Tanpa Karantina? Ini dia Negaranya
#vaccine
#traveling
#covid_19
#vaksincovid19
#vaccinatedtravellane
#ichoosetoprevent
#500kdosisuntuknegeri","[{'text': 'vaccine', 'indices': [100, 108]}, {'text': 'traveling', 'indices': [109, 119]}, {'text': 'covid_19', 'indices': [120, 129]}]"
MediakomKemkes,Mediakom: Majalah resmi Kementerian Kesehatan RI. https://t.co/t6F1XaVMdC,,5,31,890,2021-08-20 04:41:20,2022-04-03 14:06:52,0,Vaksin Merah Putih Mulai Uji Klinis https://t.co/Ti7ELMLimi #peristiwa #vaksincovid #vaksinmerahputih,"[{'text': 'peristiwa', 'indices': [60, 70]}, {'text': 'vaksincovid', 'indices': [71, 83]}, {'text': 'vaksinmerahputih', 'indices': [84, 101]}]"
immoonname,"Mine Yunki. 
Ìë∏Î•¥ÎÇòÎßà
ig: @prnmvxyz",,40,0,269,2021-10-18 12:44:11,2022-04-03 14:04:09,3,"Jadwal vaksinasi (04/04/2022) booster bagi masyarakat umum bisa di cek:

https://t.co/E3jzZmL3v6

#vaksin #jadwalvaksin #covid19 #booster #dinaskesehatankotabogor https://t.co/phhTQ8mUck","[{'text': 'vaksin', 'indices': [115, 122]}, {'text': 'jadwalvaksin', 'indices': [123, 136]}]"
PemkotaBogor,Pengaduan melalui aplikasi SiBadra | email: bag.humas@kotabogor.go.id,Bagian Humas Balaikota Bogor,389,30085,29443,2015-02-15 06:04:46,2022-04-03 14:00:45,2,"Halo Sobat Sehat!

Puasa tetap bisa Vaksin Covid-19 

Botani Square, 5-10 April 2022

Jangan Lupa untuk mendaftar terlebih dahulu pada link berikut --&gt; https://t.co/5FgBQFpEcb

#vaksin #vaks√¨ncovid19 #boostercovid19 #vaks√¨nasicovid19 #pemkotbogor https://t.co/4Zz260S45y",[]
PemkotaBogor,Pengaduan melalui aplikasi SiBadra | email: bag.humas@kotabogor.go.id,Bagian Humas Balaikota Bogor,389,30085,29443,2015-02-15 06:04:46,2022-04-03 14:00:34,3,"Jadwal vaksinasi (04/04/2022) booster bagi masyarakat umum bisa di cek:

https://t.co/E3jzZmL3v6

#vaksin #jadwalvaksin #covid19 #booster #dinaskesehatankotabogor https://t.co/phhTQ8mUck","[{'text': 'vaksin', 'indices': [115, 122]}, {'text': 'jadwalvaksin', 'indices': [123, 136]}]"
BogorDinkes,"Akun Resmi Dinas Kesehatan Kota Bogor, Jalan Kesehatan No.3 Bogor #BogorDinkes #WeLoveBogor",Kota Bogor Sehat dan Nyaman,98,7006,2857,2014-05-10 12:17:14,2022-04-03 13:41:40,2,"Halo Sobat Sehat!

Puasa tetap bisa Vaksin Covid-19 

Botani Square, 5-10 April 2022

Jangan Lupa untuk mendaftar terlebih dahulu pada link berikut --&gt; https://t.co/5FgBQFpEcb

#vaksin #vaks√¨ncovid19 #boostercovid19 #vaks√¨nasicovid19 #pemkotbogor https://t.co/4Zz260S45y","[{'text': 'vaksin', 'indices': [180, 187]}, {'text': 'vaks√¨ncovid19', 'indices': [188, 202]}, {'text': 'boostercovid19', 'indices': [203, 218]}, {'text': 'vaks√¨nasicovid19', 'indices': [219, 236]}, {'text': 'pemkotbogor', 'indices': [237, 249]}]"
SPOSTid,SenayanPost | https://t.co/5XtzvP4rL1 | Media | Lifestyle | Humanity | IG: spost_ | Facebook: Spostid,"Jakarta Selatan, DKI Jakarta",157,145,400,2022-03-26 10:19:29,2022-04-03 12:37:04,0,Pemudik di Bawah Usia 6 Tahun Tak Perlu Vaksin dan Tes PCR https://t.co/nAnKL9YOQP lewat @spost.id #news #mudik #vaksin #spost,"[{'text': 'news', 'indices': [99, 104]}, {'text': 'mudik', 'indices': [105, 111]}, {'text': 'vaksin', 'indices': [112, 119]}, {'text': 'spost', 'indices': [120, 126]}]"
SosmedNtmc,,,91,160,8782,2020-04-17 15:51:24,2022-04-03 11:50:11,1,"Pelaksanaan pengamanan dan pengaturan arus lalin Pasar Tumpah personel Sat Lantas Polres Tanjung Balai pada hari Minggu 03 April 2022 dipimpin Kasat Lantas AKP H.W. SIAHAAN, S.H.

@rtmcpoldasumut
@poldasumaterautara
#pakaimasker 
#jagajarak
#cucitangan
#vaks√¨ncovid19 https://t.co/5eWrPcjAFy",[]
BalaiSat,Berusaha Berbuat Yang Terbaik,,47,22,7104,2020-04-07 03:41:27,2022-04-03 10:51:23,1,"Pelaksanaan pengamanan dan pengaturan arus lalin Pasar Tumpah personel Sat Lantas Polres Tanjung Balai pada hari Minggu 03 April 2022 dipimpin Kasat Lantas AKP H.W. SIAHAAN, S.H.

@rtmcpoldasumut
@poldasumaterautara
#pakaimasker 
#jagajarak
#cucitangan
#vaks√¨ncovid19 https://t.co/5eWrPcjAFy","[{'text': 'pakaimasker', 'indices': [216, 228]}, {'text': 'jagajarak', 'indices': [230, 240]}, {'text': 'cucitangan', 'indices': [241, 252]}, {'text': 'vaks√¨ncovid19', 'indices': [253, 267]}]"
MediakomKemkes,Mediakom: Majalah resmi Kementerian Kesehatan RI. https://t.co/t6F1XaVMdC,,5,31,890,2021-08-20 04:41:20,2022-04-03 09:06:44,0,"Penyintas COVID-19 Kini Bisa Vaksin, Ini Ketentuannya https://t.co/FftUKWxEKs #peristiwa #vaksincovid","[{'text': 'peristiwa', 'indices': [78, 88]}, {'text': 'vaksincovid', 'indices': [89, 101]}]"
Polsekkemlagi2,Salam Presisi,,16,21,1995,2020-10-04 11:28:50,2022-04-03 08:49:35,0,"PENERANGAN KELILING HIMBAU PROKES

Sosialisasi Immendagri No. 18 Tahun 2022 terkait PPKM dan Prokes 5M oleh Polres Mojokerto Kota

#Penling
#Bhabinkamtibmas
#PamorKeris
#Swab
#PolresMojokertoKota
#Prokes
#LawanCovid19
#Vaksin
#PolriPresisi
#SatpolPPKotaMojokerto https://t.co/Qe3UmDQULr","[{'text': 'Penling', 'indices': [131, 139]}, {'text': 'Bhabinkamtibmas', 'indices': [140, 156]}, {'text': 'PamorKeris', 'indices': [157, 168]}, {'text': 'Swab', 'indices': [169, 174]}, {'text': 'PolresMojokertoKota', 'indices': [175, 195]}, {'text': 'Prokes', 'indices': [196, 203]}, {'text': 'LawanCovid19', 'indices': [204, 217]}, {'text': 'Vaksin', 'indices': [218, 225]}, {'text': 'PolriPresisi', 'indices': [226, 239]}, {'text': 'SatpolPPKotaMojokerto', 'indices': [240, 262]}]"
HendikTimoti,humas magersari,,256,547,4595,2020-09-30 12:12:04,2022-04-03 08:45:15,0,"PENERANGAN KELILING HIMBAU PROKES

Sosialisasi Immendagri No. 18 Tahun 2022 terkait PPKM dan Prokes 5M oleh Polres Mojokerto Kota

#Penling
#Bhabinkamtibmas
#PamorKeris
#Swab
#PolresMojokertoKota
#Prokes
#LawanCovid19
#Vaksin
#PolriPresisi
#SatpolPPKotaMojokerto https://t.co/MdnKM8OlhB","[{'text': 'Penling', 'indices': [131, 139]}, {'text': 'Bhabinkamtibmas', 'indices': [140, 156]}, {'text': 'PamorKeris', 'indices': [157, 168]}, {'text': 'Swab', 'indices': [169, 174]}, {'text': 'PolresMojokertoKota', 'indices': [175, 195]}, {'text': 'Prokes', 'indices': [196, 203]}, {'text': 'LawanCovid19', 'indices': [204, 217]}, {'text': 'Vaksin', 'indices': [218, 225]}, {'text': 'PolriPresisi', 'indices': [226, 239]}, {'text': 'SatpolPPKotaMojokerto', 'indices': [240, 262]}]"
Polsekkemlagi2,Salam Presisi,,16,21,1995,2020-10-04 11:28:50,2022-04-03 08:43:45,0,"Cegah Omicron, Pamor Keris Mojokota dengan Swab Acak Dan Bagi Masker

#PamorKeris
#BagiMasker
#PolresMojokertoKota
#Prokes
#LawanCovid19
#Vaksin
#PolriPresisi
#Kodim0815Mojokerto
#Dinkes
#SatpolPPKotaMojokerto
#DishubKotaMojokerto https://t.co/CboPeDwv3M","[{'text': 'PamorKeris', 'indices': [70, 81]}, {'text': 'BagiMasker', 'indices': [82, 93]}, {'text': 'PolresMojokertoKota', 'indices': [94, 114]}, {'text': 'Prokes', 'indices': [115, 122]}, {'text': 'LawanCovid19', 'indices': [123, 136]}, {'text': 'Vaksin', 'indices': [137, 144]}, {'text': 'PolriPresisi', 'indices': [145, 158]}, {'text': 'Kodim0815Mojokerto', 'indices': [159, 178]}, {'text': 'Dinkes', 'indices': [179, 186]}, {'text': 'SatpolPPKotaMojokerto', 'indices': [187, 209]}, {'text': 'DishubKotaMojokerto', 'indices': [210, 230]}]"
Polsekkemlagi2,Salam Presisi,,16,21,1995,2020-10-04 11:28:50,2022-04-03 08:42:15,0,"Cegah Omicron, Pamor Keris Mojokota dengan Swab Acak Dan Bagi Masker

#PamorKeris
#BagiMasker
#PolresMojokertoKota
#Prokes
#LawanCovid19
#Vaksin
#PolriPresisi
#Kodim0815Mojokerto
#Dinkes
#SatpolPPKotaMojokerto
#DishubKotaMojokerto https://t.co/KnrE5gk2Pf","[{'text': 'PamorKeris', 'indices': [70, 81]}, {'text': 'BagiMasker', 'indices': [82, 93]}, {'text': 'PolresMojokertoKota', 'indices': [94, 114]}, {'text': 'Prokes', 'indices': [115, 122]}, {'text': 'LawanCovid19', 'indices': [123, 136]}, {'text': 'Vaksin', 'indices': [137, 144]}, {'text': 'PolriPresisi', 'indices': [145, 158]}, {'text': 'Kodim0815Mojokerto', 'indices': [159, 178]}, {'text': 'Dinkes', 'indices': [179, 186]}, {'text': 'SatpolPPKotaMojokerto', 'indices': [187, 209]}, {'text': 'DishubKotaMojokerto', 'indices': [210, 230]}]"
HakikiGabut,Apa aja diupdate yang penting jepret aja üòÇ,"Kota Banda Aceh, Nangro Aceh D",650,353,911,2020-10-21 06:29:20,2022-04-03 08:17:43,0,Ayo kita ikuti langkah pemimpin kita yang sudah di vaksin #acehviral #aceh #VaksinCovid19 #covid19indonesia https://t.co/wI3ihuAkBK,"[{'text': 'acehviral', 'indices': [58, 68]}, {'text': 'aceh', 'indices': [69, 74]}, {'text': 'VaksinCovid19', 'indices': [75, 89]}, {'text': 'covid19indonesia', 'indices': [90, 107]}]"
HakikiGabut,Apa aja diupdate yang penting jepret aja üòÇ,"Kota Banda Aceh, Nangro Aceh D",650,353,911,2020-10-21 06:29:20,2022-04-03 08:17:36,0,MPU Aceh sudah merekomendasikan vaksin Sinovac #acehviral #aceh #VaksinCovid19 #covid19indonesia https://t.co/skTiGBizZs,"[{'text': 'acehviral', 'indices': [47, 57]}, {'text': 'aceh', 'indices': [58, 63]}, {'text': 'VaksinCovid19', 'indices': [64, 78]}, {'text': 'covid19indonesia', 'indices': [79, 96]}]"
HakikiGabut,Apa aja diupdate yang penting jepret aja üòÇ,"Kota Banda Aceh, Nangro Aceh D",650,353,911,2020-10-21 06:29:20,2022-04-03 08:17:31,0,"Vaksin sudah di rekomendasikan oleh ulama Aceh, jangan ragu lagi #acehviral #aceh #VaksinCovid19 #covid19indonesia https://t.co/f5nrWCtvcI","[{'text': 'acehviral', 'indices': [65, 75]}, {'text': 'aceh', 'indices': [76, 81]}, {'text': 'VaksinCovid19', 'indices': [82, 96]}, {'text': 'covid19indonesia', 'indices': [97, 114]}]"
HakikiGabut,Apa aja diupdate yang penting jepret aja üòÇ,"Kota Banda Aceh, Nangro Aceh D",650,353,911,2020-10-21 06:29:20,2022-04-03 08:17:24,0,Jangan ragukan lagi kehalalan dan kemanan vaksin covid-19 #acehviral #aceh #VaksinCovid19 #covid19indonesia https://t.co/fIW8COnM9x,"[{'text': 'acehviral', 'indices': [58, 68]}, {'text': 'aceh', 'indices': [69, 74]}, {'text': 'VaksinCovid19', 'indices': [75, 89]}, {'text': 'covid19indonesia', 'indices': [90, 107]}]"
BogorDinkes,"Akun Resmi Dinas Kesehatan Kota Bogor, Jalan Kesehatan No.3 Bogor #BogorDinkes #WeLoveBogor",Kota Bogor Sehat dan Nyaman,98,7006,2857,2014-05-10 12:17:14,2022-04-03 08:00:00,3,"Jadwal vaksinasi (04/04/2022) booster bagi masyarakat umum bisa di cek:

https://t.co/E3jzZmL3v6

#vaksin #jadwalvaksin #covid19 #booster #dinaskesehatankotabogor https://t.co/phhTQ8mUck","[{'text': 'vaksin', 'indices': [98, 105]}, {'text': 'jadwalvaksin', 'indices': [106, 119]}, {'text': 'covid19', 'indices': [120, 128]}, {'text': 'booster', 'indices': [129, 137]}, {'text': 'dinaskesehatankotabogor', 'indices': [138, 162]}]"
restamojokerto,tetap semangat,,24,123,4575,2020-03-29 03:10:32,2022-04-03 07:25:21,0,"PENERANGAN KELILING HIMBAU PROKES

Sosialisasi Immendagri No. 18 Tahun 2022 terkait PPKM dan Prokes 5M oleh Polres Mojokerto Kota

#Penling
#Bhabinkamtibmas
#PamorKeris
#Swab
#PolresMojokertoKota
#Prokes
#LawanCovid19
#Vaksin
#PolriPresisi
#SatpolPPKotaMojokerto https://t.co/Lr8BkLfOmJ","[{'text': 'Penling', 'indices': [131, 139]}, {'text': 'Bhabinkamtibmas', 'indices': [140, 156]}, {'text': 'PamorKeris', 'indices': [157, 168]}, {'text': 'Swab', 'indices': [169, 174]}, {'text': 'PolresMojokertoKota', 'indices': [175, 195]}, {'text': 'Prokes', 'indices': [196, 203]}, {'text': 'LawanCovid19', 'indices': [204, 217]}, {'text': 'Vaksin', 'indices': [218, 225]}, {'text': 'PolriPresisi', 'indices': [226, 239]}, {'text': 'SatpolPPKotaMojokerto', 'indices': [240, 262]}]"
restamojokerto,tetap semangat,,24,123,4575,2020-03-29 03:10:32,2022-04-03 07:25:08,0,"Cegah Omicron, Pamor Keris Mojokota dengan Swab Acak Dan Bagi Masker

#PamorKeris
#BagiMasker
#PolresMojokertoKota
#Prokes
#LawanCovid19
#Vaksin
#PolriPresisi
#Kodim0815Mojokerto
#Dinkes
#SatpolPPKotaMojokerto
#DishubKotaMojokerto https://t.co/tW3hQjQPlq","[{'text': 'PamorKeris', 'indices': [70, 81]}, {'text': 'BagiMasker', 'indices': [82, 93]}, {'text': 'PolresMojokertoKota', 'indices': [94, 114]}, {'text': 'Prokes', 'indices': [115, 122]}, {'text': 'LawanCovid19', 'indices': [123, 136]}, {'text': 'Vaksin', 'indices': [137, 144]}, {'text': 'PolriPresisi', 'indices': [145, 158]}, {'text': 'Kodim0815Mojokerto', 'indices': [159, 178]}, {'text': 'Dinkes', 'indices': [179, 186]}, {'text': 'SatpolPPKotaMojokerto', 'indices': [187, 209]}, {'text': 'DishubKotaMojokerto', 'indices': [210, 230]}]"
OliverGin_,sekarang jadi pejuang GiveAway („Å•Ôø£ ¬≥Ôø£)„Å•,"Gambir, Indonesia",71,242,98,2021-09-01 10:17:06,2022-04-03 07:19:46,0,"Untuk yang mau mudik, siapkan diri kalian dengan melengkapi dosis vaksin sampai booster dan tetap menjaga protokol kesehatan #Vaksin #AyoVaksinCovid19 https://t.co/xrAlO8rl3d","[{'text': 'Vaksin', 'indices': [125, 132]}, {'text': 'AyoVaksinCovid19', 'indices': [133, 150]}]"
Yono43370361,Kami Selalu Ada Buat Masyarakat,"Jetis, Indonesia",76,58,6156,2020-04-12 01:25:40,2022-04-03 07:13:48,0,"PENERANGAN KELILING HIMBAU PROKES

Sosialisasi Immendagri No. 18 Tahun 2022 terkait PPKM dan Prokes 5M oleh Polres Mojokerto Kota

#Penling
#Bhabinkamtibmas
#PamorKeris
#Swab
#PolresMojokertoKota
#Prokes
#LawanCovid19
#Vaksin
#PolriPresisi
#SatpolPPKotaMojokerto https://t.co/ZbrZafg269","[{'text': 'Penling', 'indices': [131, 139]}, {'text': 'Bhabinkamtibmas', 'indices': [140, 156]}, {'text': 'PamorKeris', 'indices': [157, 168]}, {'text': 'Swab', 'indices': [169, 174]}, {'text': 'PolresMojokertoKota', 'indices': [175, 195]}, {'text': 'Prokes', 'indices': [196, 203]}, {'text': 'LawanCovid19', 'indices': [204, 217]}, {'text': 'Vaksin', 'indices': [218, 225]}, {'text': 'PolriPresisi', 'indices': [226, 239]}, {'text': 'SatpolPPKotaMojokerto', 'indices': [240, 262]}]"
humaspralon,,,190,365,1054,2021-10-06 08:34:38,2022-04-03 07:12:04,0,"PENERANGAN KELILING HIMBAU PROKES

Sosialisasi Immendagri No. 18 Tahun 2022 terkait PPKM dan Prokes 5M oleh Polres Mojokerto Kota

#Penling
#Bhabinkamtibmas
#PamorKeris
#Swab
#PolresMojokertoKota
#Prokes
#LawanCovid19
#Vaksin
#PolriPresisi
#SatpolPPKotaMojokerto https://t.co/KhXywMZ7WZ","[{'text': 'Penling', 'indices': [131, 139]}, {'text': 'Bhabinkamtibmas', 'indices': [140, 156]}, {'text': 'PamorKeris', 'indices': [157, 168]}, {'text': 'Swab', 'indices': [169, 174]}, {'text': 'PolresMojokertoKota', 'indices': [175, 195]}, {'text': 'Prokes', 'indices': [196, 203]}, {'text': 'LawanCovid19', 'indices': [204, 217]}, {'text': 'Vaksin', 'indices': [218, 225]}, {'text': 'PolriPresisi', 'indices': [226, 239]}, {'text': 'SatpolPPKotaMojokerto', 'indices': [240, 262]}]"
PoldaJogja,"Akun Resmi Polda DI Yogyakarta
dikelola oleh Bidang Hubungan Masyarakat |
Call Center: 110 | #PoldaDIY #PoldaJogja
|
https://t.co/xk8kK39rWm","Yogyakarta, Indonesia",66,37677,24504,2017-01-09 06:19:04,2022-04-03 05:32:27,0,"Selain itu kepada para pedagang yang belum melaksanakan vaksinasi lengkap, personel juga mengajak untuk segera mendaftarkan diri untuk dilaksanakan vaksinasi.

#PoldaDIY #PoldaJogja #Vaksin #Covid #AmanNusa https://t.co/Iow68MwjD9","[{'text': 'PoldaDIY', 'indices': [160, 169]}, {'text': 'PoldaJogja', 'indices': [170, 181]}, {'text': 'Vaksin', 'indices': [182, 189]}, {'text': 'Covid', 'indices': [190, 196]}, {'text': 'AmanNusa', 'indices': [197, 206]}]"
naraya_medical,PT Naraya Karya Sentana (NKS) diresmikan sejak tahun 2012. Namun demikian mimpi atas visi dan misi ini telah lahir sejak tahun 2003. Berawal dari sebuah klinik,Jatibening Bekasi,1369,181,356,2020-12-10 09:58:45,2022-04-03 05:11:34,0,"Dear sahabat, berikut kami lampirkan Syarat Perjalanan dengan Udara, Darat &amp; Laut yang mulai berlaku tanggal 02 April 2022. Simak Infografis diatas! 

Tetapi tetap jangan lupa jaga protokol kesehatan ya sahabat!

#dosis1 #dosis2 #perjalanan #health #covid19 #vaksin #booster #nmc https://t.co/kQNcLiaLiW","[{'text': 'dosis1', 'indices': [217, 224]}, {'text': 'dosis2', 'indices': [225, 232]}, {'text': 'perjalanan', 'indices': [233, 244]}, {'text': 'health', 'indices': [245, 252]}, {'text': 'covid19', 'indices': [253, 261]}, {'text': 'vaksin', 'indices': [262, 269]}, {'text': 'booster', 'indices': [270, 278]}, {'text': 'nmc', 'indices': [279, 283]}]"
Rakyat_Merdeka9,The Political News Leaders,,477,401,29417,2020-01-08 00:55:37,2022-04-03 04:44:06,4,"Mau Mudik Aman &amp; Bertanggung Jawab? 
Pastikan Anda Sudah Disuntik Booster

#Booster #Vaksin #vaksinasi #Omicron #OmicronVirus #OmicronVariant #Corona #coronavirus #COVID19 #COVID #RakyatMerdeka #RMid 
 https://t.co/zdbuv20YUN","[{'text': 'Booster', 'indices': [99, 107]}, {'text': 'Vaksin', 'indices': [108, 115]}, {'text': 'vaksinasi', 'indices': [116, 126]}, {'text': 'Omicron', 'indices': [127, 135]}]"
Rakyat_Merdeka9,The Political News Leaders,,477,401,29417,2020-01-08 00:55:37,2022-04-03 04:43:58,4,"Vaksinasi Nggak Bikin Batal Puasa, Ini Alasannya

#Booster #Vaksin #vaksinasi #Omicron #OmicronVirus #OmicronVariant #Corona #coronavirus #COVID19 #COVID #RakyatMerdeka #RMid 
 https://t.co/f3Sy9NBA2w","[{'text': 'Booster', 'indices': [70, 78]}, {'text': 'Vaksin', 'indices': [79, 86]}, {'text': 'vaksinasi', 'indices': [87, 97]}, {'text': 'Omicron', 'indices': [98, 106]}, {'text': 'OmicronVirus', 'indices': [107, 120]}, {'text': 'OmicronVariant', 'indices': [121, 136]}]"
Rakyat_Merdeka9,The Political News Leaders,,477,401,29417,2020-01-08 00:55:37,2022-04-03 04:43:55,4,"Yuk, Santap Makanan Bergizi Plus Vaksinasi

#Booster #Vaksin #vaksinasi #Omicron #OmicronVirus #OmicronVariant #Corona #coronavirus #COVID19 #COVID #RakyatMerdeka #RMid 
 https://t.co/p3eNuTRZ3k","[{'text': 'Booster', 'indices': [64, 72]}, {'text': 'Vaksin', 'indices': [73, 80]}, {'text': 'vaksinasi', 'indices': [81, 91]}, {'text': 'Omicron', 'indices': [92, 100]}, {'text': 'OmicronVirus', 'indices': [101, 114]}, {'text': 'OmicronVariant', 'indices': [115, 130]}, {'text': 'Corona', 'indices': [131, 138]}]"
Rakyat_Merdeka9,The Political News Leaders,,477,401,29417,2020-01-08 00:55:37,2022-04-03 04:43:17,4,"Top News Koran Rakyat Merdeka

Belum Booster Boleh Mudik
Satgas: Tunggu Surat Edarannya!

#Booster #Lebaran2022 #mudik #Vaksin #vaksinasi #Omicron #OmicronVirus #OmicronVariant #Corona #coronavirus #COVID19 #COVID #RakyatMerdeka #RMid

https://t.co/X0UDGUVZxL","[{'text': 'Booster', 'indices': [110, 118]}, {'text': 'Lebaran2022', 'indices': [119, 131]}, {'text': 'mudik', 'indices': [132, 138]}]"
Rakyat_Merdeka9,The Political News Leaders,,477,401,29417,2020-01-08 00:55:37,2022-04-03 04:43:11,4,"Top News Koran Rakyat Merdeka

Kalau Nggak Ada Lonjakan Kasus
Yes! Habis Lebaran Kita Menuju Endemi

#Booster #Vaksin #vaksinasi #Omicron #OmicronVirus #OmicronVariant #Corona #coronavirus #COVID19 #COVID #RakyatMerdeka #RMid

https://t.co/xNcYmIqMfj","[{'text': 'Booster', 'indices': [121, 129]}, {'text': 'Vaksin', 'indices': [130, 137]}]"
Rakyat_Merdeka9,The Political News Leaders,,477,401,29417,2020-01-08 00:55:37,2022-04-03 04:42:56,4,"Mudik Mau, Vaksin Ogah, Emang Mau Nularin Virus

#Booster #Lebaran2022 #mudik #Vaksin #vaksinasi #Omicron #OmicronVirus #OmicronVariant #Corona #coronavirus #COVID19 #COVID #RakyatMerdeka #RMid

https://t.co/IhqzUWn3oE","[{'text': 'Booster', 'indices': [69, 77]}, {'text': 'Lebaran2022', 'indices': [78, 90]}, {'text': 'mudik', 'indices': [91, 97]}, {'text': 'Vaksin', 'indices': [98, 105]}, {'text': 'vaksinasi', 'indices': [106, 116]}, {'text': 'Omicron', 'indices': [117, 125]}, {'text': 'OmicronVirus', 'indices': [126, 139]}]"
EkonomiTerkini,,,38,132,19620,2019-11-06 08:12:46,2022-04-03 04:38:19,4,"Mau Mudik Aman &amp; Bertanggung Jawab? 
Pastikan Anda Sudah Disuntik Booster

#Booster #Vaksin #vaksinasi #Omicron #OmicronVirus #OmicronVariant #Corona #coronavirus #COVID19 #COVID #RakyatMerdeka #RMid 
 https://t.co/zdbuv20YUN","[{'text': 'Booster', 'indices': [99, 107]}, {'text': 'Vaksin', 'indices': [108, 115]}, {'text': 'vaksinasi', 'indices': [116, 126]}, {'text': 'Omicron', 'indices': [127, 135]}]"
EkonomiTerkini,,,38,132,19620,2019-11-06 08:12:46,2022-04-03 04:38:16,4,"Vaksinasi Nggak Bikin Batal Puasa, Ini Alasannya

#Booster #Vaksin #vaksinasi #Omicron #OmicronVirus #OmicronVariant #Corona #coronavirus #COVID19 #COVID #RakyatMerdeka #RMid 
 https://t.co/f3Sy9NBA2w","[{'text': 'Booster', 'indices': [70, 78]}, {'text': 'Vaksin', 'indices': [79, 86]}, {'text': 'vaksinasi', 'indices': [87, 97]}, {'text': 'Omicron', 'indices': [98, 106]}, {'text': 'OmicronVirus', 'indices': [107, 120]}, {'text': 'OmicronVariant', 'indices': [121, 136]}]"
EkonomiTerkini,,,38,132,19620,2019-11-06 08:12:46,2022-04-03 04:38:13,4,"Yuk, Santap Makanan Bergizi Plus Vaksinasi

#Booster #Vaksin #vaksinasi #Omicron #OmicronVirus #OmicronVariant #Corona #coronavirus #COVID19 #COVID #RakyatMerdeka #RMid 
 https://t.co/p3eNuTRZ3k","[{'text': 'Booster', 'indices': [64, 72]}, {'text': 'Vaksin', 'indices': [73, 80]}, {'text': 'vaksinasi', 'indices': [81, 91]}, {'text': 'Omicron', 'indices': [92, 100]}, {'text': 'OmicronVirus', 'indices': [101, 114]}, {'text': 'OmicronVariant', 'indices': [115, 130]}, {'text': 'Corona', 'indices': [131, 138]}]"
EkonomiTerkini,,,38,132,19620,2019-11-06 08:12:46,2022-04-03 04:37:38,4,"Top News Koran Rakyat Merdeka

Belum Booster Boleh Mudik
Satgas: Tunggu Surat Edarannya!

#Booster #Lebaran2022 #mudik #Vaksin #vaksinasi #Omicron #OmicronVirus #OmicronVariant #Corona #coronavirus #COVID19 #COVID #RakyatMerdeka #RMid

https://t.co/X0UDGUVZxL","[{'text': 'Booster', 'indices': [110, 118]}, {'text': 'Lebaran2022', 'indices': [119, 131]}, {'text': 'mudik', 'indices': [132, 138]}]"
EkonomiTerkini,,,38,132,19620,2019-11-06 08:12:46,2022-04-03 04:37:32,4,"Top News Koran Rakyat Merdeka

Kalau Nggak Ada Lonjakan Kasus
Yes! Habis Lebaran Kita Menuju Endemi

#Booster #Vaksin #vaksinasi #Omicron #OmicronVirus #OmicronVariant #Corona #coronavirus #COVID19 #COVID #RakyatMerdeka #RMid

https://t.co/xNcYmIqMfj","[{'text': 'Booster', 'indices': [121, 129]}, {'text': 'Vaksin', 'indices': [130, 137]}]"
EkonomiTerkini,,,38,132,19620,2019-11-06 08:12:46,2022-04-03 04:37:19,4,"Mudik Mau, Vaksin Ogah, Emang Mau Nularin Virus

#Booster #Lebaran2022 #mudik #Vaksin #vaksinasi #Omicron #OmicronVirus #OmicronVariant #Corona #coronavirus #COVID19 #COVID #RakyatMerdeka #RMid

https://t.co/IhqzUWn3oE","[{'text': 'Booster', 'indices': [69, 77]}, {'text': 'Lebaran2022', 'indices': [78, 90]}, {'text': 'mudik', 'indices': [91, 97]}, {'text': 'Vaksin', 'indices': [98, 105]}, {'text': 'vaksinasi', 'indices': [106, 116]}, {'text': 'Omicron', 'indices': [117, 125]}, {'text': 'OmicronVirus', 'indices': [126, 139]}]"
_rakyatmerdeka,official akun Rakyat Merdeka Digital,,4,36,3458,2021-12-23 13:39:54,2022-04-03 04:28:47,4,"Mau Mudik Aman &amp; Bertanggung Jawab? 
Pastikan Anda Sudah Disuntik Booster

#Booster #Vaksin #vaksinasi #Omicron #OmicronVirus #OmicronVariant #Corona #coronavirus #COVID19 #COVID #RakyatMerdeka #RMid 
 https://t.co/zdbuv20YUN","[{'text': 'Booster', 'indices': [79, 87]}, {'text': 'Vaksin', 'indices': [88, 95]}, {'text': 'vaksinasi', 'indices': [96, 106]}, {'text': 'Omicron', 'indices': [107, 115]}, {'text': 'OmicronVirus', 'indices': [116, 129]}, {'text': 'OmicronVariant', 'indices': [130, 145]}, {'text': 'Corona', 'indices': [146, 153]}, {'text': 'coronavirus', 'indices': [154, 166]}, {'text': 'COVID19', 'indices': [167, 175]}, {'text': 'COVID', 'indices': [176, 182]}, {'text': 'RakyatMerdeka', 'indices': [183, 197]}, {'text': 'RMid', 'indices': [198, 203]}]"
_rakyatmerdeka,official akun Rakyat Merdeka Digital,,4,36,3458,2021-12-23 13:39:54,2022-04-03 04:27:07,4,"Vaksinasi Nggak Bikin Batal Puasa, Ini Alasannya

#Booster #Vaksin #vaksinasi #Omicron #OmicronVirus #OmicronVariant #Corona #coronavirus #COVID19 #COVID #RakyatMerdeka #RMid 
 https://t.co/f3Sy9NBA2w","[{'text': 'Booster', 'indices': [50, 58]}, {'text': 'Vaksin', 'indices': [59, 66]}, {'text': 'vaksinasi', 'indices': [67, 77]}, {'text': 'Omicron', 'indices': [78, 86]}, {'text': 'OmicronVirus', 'indices': [87, 100]}, {'text': 'OmicronVariant', 'indices': [101, 116]}, {'text': 'Corona', 'indices': [117, 124]}, {'text': 'coronavirus', 'indices': [125, 137]}, {'text': 'COVID19', 'indices': [138, 146]}, {'text': 'COVID', 'indices': [147, 153]}, {'text': 'RakyatMerdeka', 'indices': [154, 168]}, {'text': 'RMid', 'indices': [169, 174]}]"
_rakyatmerdeka,official akun Rakyat Merdeka Digital,,4,36,3458,2021-12-23 13:39:54,2022-04-03 04:26:16,4,"Yuk, Santap Makanan Bergizi Plus Vaksinasi

#Booster #Vaksin #vaksinasi #Omicron #OmicronVirus #OmicronVariant #Corona #coronavirus #COVID19 #COVID #RakyatMerdeka #RMid 
 https://t.co/p3eNuTRZ3k","[{'text': 'Booster', 'indices': [44, 52]}, {'text': 'Vaksin', 'indices': [53, 60]}, {'text': 'vaksinasi', 'indices': [61, 71]}, {'text': 'Omicron', 'indices': [72, 80]}, {'text': 'OmicronVirus', 'indices': [81, 94]}, {'text': 'OmicronVariant', 'indices': [95, 110]}, {'text': 'Corona', 'indices': [111, 118]}, {'text': 'coronavirus', 'indices': [119, 131]}, {'text': 'COVID19', 'indices': [132, 140]}, {'text': 'COVID', 'indices': [141, 147]}, {'text': 'RakyatMerdeka', 'indices': [148, 162]}, {'text': 'RMid', 'indices': [163, 168]}]"
YudaPra85206337,,"Bandung, Jawa Barat",3,10,1161,2021-05-24 05:03:07,2022-04-03 04:01:34,0,"Prokes Ibadah Aman

Jangan Lupa Booster Untuk Yang Mudik
#mudik #tarawih #puasa #lebaran #Covid19 #vaksin #booster #jagaprokes

Pemerintah Menyediakan Minyak Goreng Murah Bersubsidi
#minyakgoreng #stokminyakgoreng #minyakgorengmurah #minyakgorengsubsidi https://t.co/vLQoFOD13G","[{'text': 'mudik', 'indices': [57, 63]}, {'text': 'tarawih', 'indices': [64, 72]}, {'text': 'puasa', 'indices': [73, 79]}, {'text': 'lebaran', 'indices': [80, 88]}, {'text': 'Covid19', 'indices': [89, 97]}, {'text': 'vaksin', 'indices': [98, 105]}, {'text': 'booster', 'indices': [106, 114]}, {'text': 'jagaprokes', 'indices': [115, 126]}, {'text': 'minyakgoreng', 'indices': [182, 195]}, {'text': 'stokminyakgoreng', 'indices': [196, 213]}, {'text': 'minyakgorengmurah', 'indices': [214, 232]}, {'text': 'minyakgorengsubsidi', 'indices': [233, 253]}]"
DavinaKeana6,,"Bogor, Jawa Barat",25,9,1414,2020-07-13 03:11:42,2022-04-03 04:01:23,0,"Prokes Ibadah Aman

Jangan Lupa Booster Untuk Yang Mudik
#mudik #tarawih #puasa #lebaran #Covid19 #vaksin #booster #jagaprokes

Pemerintah Menyediakan Minyak Goreng Murah Bersubsidi
#minyakgoreng #stokminyakgoreng #minyakgorengmurah #minyakgorengsubsidi https://t.co/4BPrnOVGHE","[{'text': 'mudik', 'indices': [57, 63]}, {'text': 'tarawih', 'indices': [64, 72]}, {'text': 'puasa', 'indices': [73, 79]}, {'text': 'lebaran', 'indices': [80, 88]}, {'text': 'Covid19', 'indices': [89, 97]}, {'text': 'vaksin', 'indices': [98, 105]}, {'text': 'booster', 'indices': [106, 114]}, {'text': 'jagaprokes', 'indices': [115, 126]}, {'text': 'minyakgoreng', 'indices': [182, 195]}, {'text': 'stokminyakgoreng', 'indices': [196, 213]}, {'text': 'minyakgorengmurah', 'indices': [214, 232]}, {'text': 'minyakgorengsubsidi', 'indices': [233, 253]}]"
infodepokterki1,,"Depok, Jawa Barat",6,10,1257,2020-09-01 03:36:37,2022-04-03 04:01:02,0,"Prokes Ibadah Aman

Jangan Lupa Booster Untuk Yang Mudik
#mudik #tarawih #puasa #lebaran #Covid19 #vaksin #booster #jagaprokes

Pemerintah Menyediakan Minyak Goreng Murah Bersubsidi
#minyakgoreng #stokminyakgoreng #minyakgorengmurah #minyakgorengsubsidi https://t.co/S5fzlplsFo","[{'text': 'mudik', 'indices': [57, 63]}, {'text': 'tarawih', 'indices': [64, 72]}, {'text': 'puasa', 'indices': [73, 79]}, {'text': 'lebaran', 'indices': [80, 88]}, {'text': 'Covid19', 'indices': [89, 97]}, {'text': 'vaksin', 'indices': [98, 105]}, {'text': 'booster', 'indices': [106, 114]}, {'text': 'jagaprokes', 'indices': [115, 126]}, {'text': 'minyakgoreng', 'indices': [182, 195]}, {'text': 'stokminyakgoreng', 'indices': [196, 213]}, {'text': 'minyakgorengmurah', 'indices': [214, 232]}, {'text': 'minyakgorengsubsidi', 'indices': [233, 253]}]"
SindyAp59526417,,"Bandung, Jawa Barat",3,6,1194,2021-05-24 05:22:15,2022-04-03 04:00:50,0,"Prokes Ibadah Aman

Jangan Lupa Booster Untuk Yang Mudik
#mudik #tarawih #puasa #lebaran #Covid19 #vaksin #booster #jagaprokes

Pemerintah Menyediakan Minyak Goreng Murah Bersubsidi
#minyakgoreng #stokminyakgoreng #minyakgorengmurah #minyakgorengsubsidi https://t.co/ZHlnglgKPQ","[{'text': 'mudik', 'indices': [57, 63]}, {'text': 'tarawih', 'indices': [64, 72]}, {'text': 'puasa', 'indices': [73, 79]}, {'text': 'lebaran', 'indices': [80, 88]}, {'text': 'Covid19', 'indices': [89, 97]}, {'text': 'vaksin', 'indices': [98, 105]}, {'text': 'booster', 'indices': [106, 114]}, {'text': 'jagaprokes', 'indices': [115, 126]}, {'text': 'minyakgoreng', 'indices': [182, 195]}, {'text': 'stokminyakgoreng', 'indices': [196, 213]}, {'text': 'minyakgorengmurah', 'indices': [214, 232]}, {'text': 'minyakgorengsubsidi', 'indices': [233, 253]}]"
SindyAp59526417,,"Bandung, Jawa Barat",3,6,1194,2021-05-24 05:22:15,2022-04-03 04:00:32,0,"Prokes Ibadah Aman

Warga Incar Vaksin Booster Untuk Mudik
#mudik #tarawih #puasa #lebaran #Covid19 #vaksin #booster #jagaprokes

Minyak Goreng Bersubsidi Sudah Tersedia Di Pasar Tradisional
#minyakgoreng #stokminyakgoreng #minyakgorengmurah #minyakgorengsubsidi https://t.co/q4ihdqwzue","[{'text': 'mudik', 'indices': [59, 65]}, {'text': 'tarawih', 'indices': [66, 74]}, {'text': 'puasa', 'indices': [75, 81]}, {'text': 'lebaran', 'indices': [82, 90]}, {'text': 'Covid19', 'indices': [91, 99]}, {'text': 'vaksin', 'indices': [100, 107]}, {'text': 'booster', 'indices': [108, 116]}, {'text': 'jagaprokes', 'indices': [117, 128]}, {'text': 'minyakgoreng', 'indices': [191, 204]}, {'text': 'stokminyakgoreng', 'indices': [205, 222]}, {'text': 'minyakgorengmurah', 'indices': [223, 241]}, {'text': 'minyakgorengsubsidi', 'indices': [242, 262]}]"
infodepokterki1,,"Depok, Jawa Barat",6,10,1257,2020-09-01 03:36:37,2022-04-03 04:00:20,0,"Prokes Ibadah Aman

Warga Incar Vaksin Booster Untuk Mudik
#mudik #tarawih #puasa #lebaran #Covid19 #vaksin #booster #jagaprokes

Minyak Goreng Bersubsidi Sudah Tersedia Di Pasar Tradisional
#minyakgoreng #stokminyakgoreng #minyakgorengmurah #minyakgorengsubsidi https://t.co/DItABYafxA","[{'text': 'mudik', 'indices': [59, 65]}, {'text': 'tarawih', 'indices': [66, 74]}, {'text': 'puasa', 'indices': [75, 81]}, {'text': 'lebaran', 'indices': [82, 90]}, {'text': 'Covid19', 'indices': [91, 99]}, {'text': 'vaksin', 'indices': [100, 107]}, {'text': 'booster', 'indices': [108, 116]}, {'text': 'jagaprokes', 'indices': [117, 128]}, {'text': 'minyakgoreng', 'indices': [191, 204]}, {'text': 'stokminyakgoreng', 'indices': [205, 222]}, {'text': 'minyakgorengmurah', 'indices': [223, 241]}, {'text': 'minyakgorengsubsidi', 'indices': [242, 262]}]"
DavinaKeana6,,"Bogor, Jawa Barat",25,9,1414,2020-07-13 03:11:42,2022-04-03 04:00:08,0,"Prokes Ibadah Aman

Warga Incar Vaksin Booster Untuk Mudik
#mudik #tarawih #puasa #lebaran #Covid19 #vaksin #booster #jagaprokes

Minyak Goreng Bersubsidi Sudah Tersedia Di Pasar Tradisional
#minyakgoreng #stokminyakgoreng #minyakgorengmurah #minyakgorengsubsidi https://t.co/ThMxXkiv4a","[{'text': 'mudik', 'indices': [59, 65]}, {'text': 'tarawih', 'indices': [66, 74]}, {'text': 'puasa', 'indices': [75, 81]}, {'text': 'lebaran', 'indices': [82, 90]}, {'text': 'Covid19', 'indices': [91, 99]}, {'text': 'vaksin', 'indices': [100, 107]}, {'text': 'booster', 'indices': [108, 116]}, {'text': 'jagaprokes', 'indices': [117, 128]}, {'text': 'minyakgoreng', 'indices': [191, 204]}, {'text': 'stokminyakgoreng', 'indices': [205, 222]}, {'text': 'minyakgorengmurah', 'indices': [223, 241]}, {'text': 'minyakgorengsubsidi', 'indices': [242, 262]}]"
DavinaKeana6,,"Bogor, Jawa Barat",25,9,1414,2020-07-13 03:11:42,2022-04-03 03:59:58,0,"Prokes Ibadah Aman

Warga Incar Vaksin Booster Untuk Mudik
#mudik #tarawih #puasa #lebaran #Covid19 #vaksin #booster #jagaprokes

Minyak Goreng Bersubsidi Sudah Tersedia Di Pasar Tradisional
#minyakgoreng #stokminyakgoreng #minyakgorengmurah #minyakgorengsubsidi https://t.co/9H30TFsLjH","[{'text': 'mudik', 'indices': [59, 65]}, {'text': 'tarawih', 'indices': [66, 74]}, {'text': 'puasa', 'indices': [75, 81]}, {'text': 'lebaran', 'indices': [82, 90]}, {'text': 'Covid19', 'indices': [91, 99]}, {'text': 'vaksin', 'indices': [100, 107]}, {'text': 'booster', 'indices': [108, 116]}, {'text': 'jagaprokes', 'indices': [117, 128]}, {'text': 'minyakgoreng', 'indices': [191, 204]}, {'text': 'stokminyakgoreng', 'indices': [205, 222]}, {'text': 'minyakgorengmurah', 'indices': [223, 241]}, {'text': 'minyakgorengsubsidi', 'indices': [242, 262]}]"
YudaPra85206337,,"Bandung, Jawa Barat",3,10,1161,2021-05-24 05:03:07,2022-04-03 03:59:48,0,"Prokes Ibadah Aman

Warga Incar Vaksin Booster Untuk Mudik
#mudik #tarawih #puasa #lebaran #Covid19 #vaksin #booster #jagaprokes

Minyak Goreng Bersubsidi Sudah Tersedia Di Pasar Tradisional
#minyakgoreng #stokminyakgoreng #minyakgorengmurah #minyakgorengsubsidi https://t.co/zzkkMcpyn3","[{'text': 'mudik', 'indices': [59, 65]}, {'text': 'tarawih', 'indices': [66, 74]}, {'text': 'puasa', 'indices': [75, 81]}, {'text': 'lebaran', 'indices': [82, 90]}, {'text': 'Covid19', 'indices': [91, 99]}, {'text': 'vaksin', 'indices': [100, 107]}, {'text': 'booster', 'indices': [108, 116]}, {'text': 'jagaprokes', 'indices': [117, 128]}, {'text': 'minyakgoreng', 'indices': [191, 204]}, {'text': 'stokminyakgoreng', 'indices': [205, 222]}, {'text': 'minyakgorengmurah', 'indices': [223, 241]}, {'text': 'minyakgorengsubsidi', 'indices': [242, 262]}]"
BogorDinkes,"Akun Resmi Dinas Kesehatan Kota Bogor, Jalan Kesehatan No.3 Bogor #BogorDinkes #WeLoveBogor",Kota Bogor Sehat dan Nyaman,98,7006,2857,2014-05-10 12:17:14,2022-04-03 03:46:45,0,"Halo Sobat Sehat!

VAKSINASI INJEKSI TIDAK MEMBATALKAN PUASA

Berdasarkan Fatwa MUI No. 13 Tahun 2021:

Vaksinasi Covid-19 dengan cara injeksi Intramuscular tidak membatalkan puasa dan boleh dilakukan sepanjang tidak menyebabkan bahaya.

#vaksincovid19
https://t.co/yOoCOsgxQG","[{'text': 'vaksincovid19', 'indices': [238, 252]}]"
PSeltim,Akurat terpercaya,,120,226,3654,2020-03-31 05:23:48,2022-04-03 02:39:05,0,Bhabinkamtibmas desa Bongan Polsek Tabanan pengamanan vaksinasi Booster di desa binaannya.  #vaksinbooster #vaksinserentak #vaks√¨nasicovid19 #vaks√¨ncovid19 #ayokitavaksin #ayovaks√¨ncovid19 #bersatulawancovid19 #bersamalawancorona #polrestabanan https://t.co/WtU2r7VeVQ,"[{'text': 'vaksinbooster', 'indices': [92, 106]}, {'text': 'vaksinserentak', 'indices': [107, 122]}, {'text': 'vaks√¨nasicovid19', 'indices': [123, 140]}, {'text': 'vaks√¨ncovid19', 'indices': [141, 155]}, {'text': 'ayokitavaksin', 'indices': [156, 170]}, {'text': 'ayovaks√¨ncovid19', 'indices': [171, 188]}, {'text': 'bersatulawancovid19', 'indices': [189, 209]}, {'text': 'bersamalawancorona', 'indices': [210, 229]}, {'text': 'polrestabanan', 'indices': [230, 244]}]"
PSeltim,Akurat terpercaya,,120,226,3654,2020-03-31 05:23:48,2022-04-03 02:38:56,0,"Ayo Ikuti vaksinasi Booster, meningkatkan imunitas tubuh melawan Covid-19. #ayokitavaksin #ayovaks√¨ncovid19 #vaksinbooster #vaksinserentak #vaks√¨nasicovid19 #vaks√¨ncovid19 #polrestabanan https://t.co/a5Icx35EdB","[{'text': 'ayokitavaksin', 'indices': [75, 89]}, {'text': 'ayovaks√¨ncovid19', 'indices': [90, 107]}, {'text': 'vaksinbooster', 'indices': [108, 122]}, {'text': 'vaksinserentak', 'indices': [123, 138]}, {'text': 'vaks√¨nasicovid19', 'indices': [139, 156]}, {'text': 'vaks√¨ncovid19', 'indices': [157, 171]}, {'text': 'polrestabanan', 'indices': [172, 186]}]"
polsekmarga,ganteng,,127,27,2369,2019-12-02 15:10:16,2022-04-03 02:27:02,0,"Ayo Ikuti vaksinasi Booster, meningkatkan imunitas tubuh melawan Covid-19. #ayokitavaksin #ayovaks√¨ncovid19 #vaksinbooster #vaksinserentak #vaks√¨nasicovid19 #vaks√¨ncovid19 #polrestabanan https://t.co/shZGgCJUsu","[{'text': 'ayokitavaksin', 'indices': [75, 89]}, {'text': 'ayovaks√¨ncovid19', 'indices': [90, 107]}, {'text': 'vaksinbooster', 'indices': [108, 122]}, {'text': 'vaksinserentak', 'indices': [123, 138]}, {'text': 'vaks√¨nasicovid19', 'indices': [139, 156]}, {'text': 'vaks√¨ncovid19', 'indices': [157, 171]}, {'text': 'polrestabanan', 'indices': [172, 186]}]"
polsekmarga,ganteng,,127,27,2369,2019-12-02 15:10:16,2022-04-03 02:17:21,0,Bhabinkamtibmas desa Bongan Polsek Tabanan pengamanan vaksinasi Booster di desa binaannya.  #vaksinbooster #vaksinserentak #vaks√¨nasicovid19 #vaks√¨ncovid19 #ayokitavaksin #ayovaks√¨ncovid19 #bersatulawancovid19 #bersamalawancorona #polrestabanan https://t.co/5MuoBwguey,"[{'text': 'vaksinbooster', 'indices': [92, 106]}, {'text': 'vaksinserentak', 'indices': [107, 122]}, {'text': 'vaks√¨nasicovid19', 'indices': [123, 140]}, {'text': 'vaks√¨ncovid19', 'indices': [141, 155]}, {'text': 'ayokitavaksin', 'indices': [156, 170]}, {'text': 'ayovaks√¨ncovid19', 'indices': [171, 188]}, {'text': 'bersatulawancovid19', 'indices': [189, 209]}, {'text': 'bersamalawancorona', 'indices': [210, 229]}, {'text': 'polrestabanan', 'indices': [230, 244]}]"
HumasBaturiti,,"Baturiti, Indonesia",5,11,423,2022-02-09 07:31:02,2022-04-03 02:03:34,0,Bhabinkamtibmas desa Bongan Polsek Tabanan pengamanan vaksinasi Booster di desa binaannya.  #vaksinbooster #vaksinserentak #vaks√¨nasicovid19 #vaks√¨ncovid19 #ayokitavaksin #ayovaks√¨ncovid19 #bersatulawancovid19 #bersamalawancorona #polrestabanan https://t.co/sXM3Xygnzv,"[{'text': 'vaksinbooster', 'indices': [92, 106]}, {'text': 'vaksinserentak', 'indices': [107, 122]}, {'text': 'vaks√¨nasicovid19', 'indices': [123, 140]}, {'text': 'vaks√¨ncovid19', 'indices': [141, 155]}, {'text': 'ayokitavaksin', 'indices': [156, 170]}, {'text': 'ayovaks√¨ncovid19', 'indices': [171, 188]}, {'text': 'bersatulawancovid19', 'indices': [189, 209]}, {'text': 'bersamalawancorona', 'indices': [210, 229]}, {'text': 'polrestabanan', 'indices': [230, 244]}]"
HumasBaturiti,,"Baturiti, Indonesia",5,11,423,2022-02-09 07:31:02,2022-04-03 01:59:17,0,"Ayo Ikuti vaksinasi Booster, meningkatkan imunitas tubuh melawan Covid-19. #ayokitavaksin #ayovaks√¨ncovid19 #vaksinbooster #vaksinserentak #vaks√¨nasicovid19 #vaks√¨ncovid19 #polrestabanan https://t.co/2SJjonutxT","[{'text': 'ayokitavaksin', 'indices': [75, 89]}, {'text': 'ayovaks√¨ncovid19', 'indices': [90, 107]}, {'text': 'vaksinbooster', 'indices': [108, 122]}, {'text': 'vaksinserentak', 'indices': [123, 138]}, {'text': 'vaks√¨nasicovid19', 'indices': [139, 156]}, {'text': 'vaks√¨ncovid19', 'indices': [157, 171]}, {'text': 'polrestabanan', 'indices': [172, 186]}]"
SelbarHumas,humas selbar,,50,43,899,2020-12-25 05:41:43,2022-04-03 01:35:01,0,"Ayo Ikuti vaksinasi Booster, meningkatkan imunitas tubuh melawan Covid-19. #ayokitavaksin #ayovaks√¨ncovid19 #vaksinbooster #vaksinserentak #vaks√¨nasicovid19 #vaks√¨ncovid19 #polrestabanan https://t.co/gYbmmDR2jN","[{'text': 'ayokitavaksin', 'indices': [75, 89]}, {'text': 'ayovaks√¨ncovid19', 'indices': [90, 107]}, {'text': 'vaksinbooster', 'indices': [108, 122]}, {'text': 'vaksinserentak', 'indices': [123, 138]}, {'text': 'vaks√¨nasicovid19', 'indices': [139, 156]}, {'text': 'vaks√¨ncovid19', 'indices': [157, 171]}, {'text': 'polrestabanan', 'indices': [172, 186]}]"
SelbarHumas,humas selbar,,50,43,899,2020-12-25 05:41:43,2022-04-03 01:34:06,0,Bhabinkamtibmas desa Bongan Polsek Tabanan pengamanan vaksinasi Booster di desa binaannya.  #vaksinbooster #vaksinserentak #vaks√¨nasicovid19 #vaks√¨ncovid19 #ayokitavaksin #ayovaks√¨ncovid19 #bersatulawancovid19 #bersamalawancorona #polrestabanan https://t.co/rSbDHH37Nv,"[{'text': 'vaksinbooster', 'indices': [92, 106]}, {'text': 'vaksinserentak', 'indices': [107, 122]}, {'text': 'vaks√¨nasicovid19', 'indices': [123, 140]}, {'text': 'vaks√¨ncovid19', 'indices': [141, 155]}, {'text': 'ayokitavaksin', 'indices': [156, 170]}, {'text': 'ayovaks√¨ncovid19', 'indices': [171, 188]}, {'text': 'bersatulawancovid19', 'indices': [189, 209]}, {'text': 'bersamalawancorona', 'indices': [210, 229]}, {'text': 'polrestabanan', 'indices': [230, 244]}]"
Riyad22775061,Dom,,0,1,2985,2021-08-23 04:24:16,2022-04-03 01:33:33,4,"Tahun ini, seiring dengan terkendalinya laju COVID-19 di Indonesia saat ini, Presiden Republik Indonesia Joko Widodo memberikan izin kepada masyarakat untuk melakukan mudik lebaran dengan syarat. Baca Selengkapnya https://t.co/ZDuFUA997S
___
#vivacoid #mudik2022 #vaksincovid19 https://t.co/QFWcyxk5Hw",[]
_rakyatmerdeka,official akun Rakyat Merdeka Digital,,4,36,3458,2021-12-23 13:39:54,2022-04-03 01:15:00,4,"Top News Koran Rakyat Merdeka

Belum Booster Boleh Mudik
Satgas: Tunggu Surat Edarannya!

#Booster #Lebaran2022 #mudik #Vaksin #vaksinasi #Omicron #OmicronVirus #OmicronVariant #Corona #coronavirus #COVID19 #COVID #RakyatMerdeka #RMid

https://t.co/X0UDGUVZxL","[{'text': 'Booster', 'indices': [90, 98]}, {'text': 'Lebaran2022', 'indices': [99, 111]}, {'text': 'mudik', 'indices': [112, 118]}, {'text': 'Vaksin', 'indices': [119, 126]}, {'text': 'vaksinasi', 'indices': [127, 137]}, {'text': 'Omicron', 'indices': [138, 146]}, {'text': 'OmicronVirus', 'indices': [147, 160]}, {'text': 'OmicronVariant', 'indices': [161, 176]}, {'text': 'Corona', 'indices': [177, 184]}, {'text': 'coronavirus', 'indices': [185, 197]}, {'text': 'COVID19', 'indices': [198, 206]}, {'text': 'COVID', 'indices': [207, 213]}, {'text': 'RakyatMerdeka', 'indices': [214, 228]}, {'text': 'RMid', 'indices': [229, 234]}]"
_rakyatmerdeka,official akun Rakyat Merdeka Digital,,4,36,3458,2021-12-23 13:39:54,2022-04-03 01:00:01,4,"Top News Koran Rakyat Merdeka

Kalau Nggak Ada Lonjakan Kasus
Yes! Habis Lebaran Kita Menuju Endemi

#Booster #Vaksin #vaksinasi #Omicron #OmicronVirus #OmicronVariant #Corona #coronavirus #COVID19 #COVID #RakyatMerdeka #RMid

https://t.co/xNcYmIqMfj","[{'text': 'Booster', 'indices': [101, 109]}, {'text': 'Vaksin', 'indices': [110, 117]}, {'text': 'vaksinasi', 'indices': [118, 128]}, {'text': 'Omicron', 'indices': [129, 137]}, {'text': 'OmicronVirus', 'indices': [138, 151]}, {'text': 'OmicronVariant', 'indices': [152, 167]}, {'text': 'Corona', 'indices': [168, 175]}, {'text': 'coronavirus', 'indices': [176, 188]}, {'text': 'COVID19', 'indices': [189, 197]}, {'text': 'COVID', 'indices': [198, 204]}, {'text': 'RakyatMerdeka', 'indices': [205, 219]}, {'text': 'RMid', 'indices': [220, 225]}]"
_rakyatmerdeka,official akun Rakyat Merdeka Digital,,4,36,3458,2021-12-23 13:39:54,2022-04-03 00:30:00,4,"Mudik Mau, Vaksin Ogah, Emang Mau Nularin Virus

#Booster #Lebaran2022 #mudik #Vaksin #vaksinasi #Omicron #OmicronVirus #OmicronVariant #Corona #coronavirus #COVID19 #COVID #RakyatMerdeka #RMid

https://t.co/IhqzUWn3oE","[{'text': 'Booster', 'indices': [49, 57]}, {'text': 'Lebaran2022', 'indices': [58, 70]}, {'text': 'mudik', 'indices': [71, 77]}, {'text': 'Vaksin', 'indices': [78, 85]}, {'text': 'vaksinasi', 'indices': [86, 96]}, {'text': 'Omicron', 'indices': [97, 105]}, {'text': 'OmicronVirus', 'indices': [106, 119]}, {'text': 'OmicronVariant', 'indices': [120, 135]}, {'text': 'Corona', 'indices': [136, 143]}, {'text': 'coronavirus', 'indices': [144, 156]}, {'text': 'COVID19', 'indices': [157, 165]}, {'text': 'COVID', 'indices': [166, 172]}, {'text': 'RakyatMerdeka', 'indices': [173, 187]}, {'text': 'RMid', 'indices': [188, 193]}]"
TabananHumas,,,4,9,4166,2021-05-09 22:52:02,2022-04-03 00:19:47,1,Bhabinkamtibmas desa Bongan Polsek Tabanan pengamanan vaksinasi Booster di desa binaannya.  #vaksinbooster #vaksinserentak #vaks√¨nasicovid19 #vaks√¨ncovid19 #ayokitavaksin #ayovaks√¨ncovid19 #bersatulawancovid19 #bersamalawancorona #polrestabanan https://t.co/NxodqyofPg,"[{'text': 'vaksinbooster', 'indices': [112, 126]}]"
TabananHumas,,,4,9,4166,2021-05-09 22:52:02,2022-04-03 00:19:35,1,"Ayo Ikuti vaksinasi Booster, meningkatkan imunitas tubuh melawan Covid-19. #ayokitavaksin #ayovaks√¨ncovid19 #vaksinbooster #vaksinserentak #vaks√¨nasicovid19 #vaks√¨ncovid19 #polrestabanan https://t.co/uKZ3bD6LLg","[{'text': 'ayokitavaksin', 'indices': [95, 109]}, {'text': 'ayovaks√¨ncovid19', 'indices': [110, 127]}]"
humaspolsektbn,,,2,4,1410,2021-01-24 02:25:18,2022-04-03 00:07:13,0,Bhabinkamtibmas desa Bongan Polsek Tabanan pengamanan vaksinasi Booster di desa binaannya.  #vaksinbooster #vaksinserentak #vaks√¨nasicovid19 #vaks√¨ncovid19 #ayokitavaksin #ayovaks√¨ncovid19 #bersatulawancovid19 #bersamalawancorona #polrestabanan https://t.co/mX1wyYk58D,"[{'text': 'vaksinbooster', 'indices': [92, 106]}, {'text': 'vaksinserentak', 'indices': [107, 122]}, {'text': 'vaks√¨nasicovid19', 'indices': [123, 140]}, {'text': 'vaks√¨ncovid19', 'indices': [141, 155]}, {'text': 'ayokitavaksin', 'indices': [156, 170]}, {'text': 'ayovaks√¨ncovid19', 'indices': [171, 188]}, {'text': 'bersatulawancovid19', 'indices': [189, 209]}, {'text': 'bersamalawancorona', 'indices': [210, 229]}, {'text': 'polrestabanan', 'indices': [230, 244]}]"
humaspolsektbn,,,2,4,1410,2021-01-24 02:25:18,2022-04-03 00:04:28,0,"Ayo Ikuti vaksinasi Booster, meningkatkan imunitas tubuh melawan Covid-19. #ayokitavaksin #ayovaks√¨ncovid19 #vaksinbooster #vaksinserentak #vaks√¨nasicovid19 #vaks√¨ncovid19 #polrestabanan https://t.co/Jjmv3bFscI","[{'text': 'ayokitavaksin', 'indices': [75, 89]}, {'text': 'ayovaks√¨ncovid19', 'indices': [90, 107]}, {'text': 'vaksinbooster', 'indices': [108, 122]}, {'text': 'vaksinserentak', 'indices': [123, 138]}, {'text': 'vaks√¨nasicovid19', 'indices': [139, 156]}, {'text': 'vaks√¨ncovid19', 'indices': [157, 171]}, {'text': 'polrestabanan', 'indices': [172, 186]}]"
PSelemadeg,,,5,19,1344,2021-02-23 05:33:04,2022-04-02 23:57:16,0,Bhabinkamtibmas desa Bongan Polsek Tabanan pengamanan vaksinasi Booster di desa binaannya.  #vaksinbooster #vaksinserentak #vaks√¨nasicovid19 #vaks√¨ncovid19 #ayokitavaksin #ayovaks√¨ncovid19 #bersatulawancovid19 #bersamalawancorona #polrestabanan https://t.co/cBDgUjgyVV,"[{'text': 'vaksinbooster', 'indices': [92, 106]}, {'text': 'vaksinserentak', 'indices': [107, 122]}, {'text': 'vaks√¨nasicovid19', 'indices': [123, 140]}, {'text': 'vaks√¨ncovid19', 'indices': [141, 155]}, {'text': 'ayokitavaksin', 'indices': [156, 170]}, {'text': 'ayovaks√¨ncovid19', 'indices': [171, 188]}, {'text': 'bersatulawancovid19', 'indices': [189, 209]}, {'text': 'bersamalawancorona', 'indices': [210, 229]}, {'text': 'polrestabanan', 'indices': [230, 244]}]"
PSelemadeg,,,5,19,1344,2021-02-23 05:33:04,2022-04-02 23:56:05,0,"Ayo Ikuti vaksinasi Booster, meningkatkan imunitas tubuh melawan Covid-19. #ayokitavaksin #ayovaks√¨ncovid19 #vaksinbooster #vaksinserentak #vaks√¨nasicovid19 #vaks√¨ncovid19 #polrestabanan https://t.co/CFOpeKK6gt","[{'text': 'ayokitavaksin', 'indices': [75, 89]}, {'text': 'ayovaks√¨ncovid19', 'indices': [90, 107]}, {'text': 'vaksinbooster', 'indices': [108, 122]}, {'text': 'vaksinserentak', 'indices': [123, 138]}, {'text': 'vaks√¨nasicovid19', 'indices': [139, 156]}, {'text': 'vaks√¨ncovid19', 'indices': [157, 171]}, {'text': 'polrestabanan', 'indices': [172, 186]}]"
TabananHumas,,,4,9,4166,2021-05-09 22:52:02,2022-04-02 23:34:39,1,Bhabinkamtibmas desa Bongan Polsek Tabanan pengamanan vaksinasi Booster di desa binaannya.  #vaksinbooster #vaksinserentak #vaks√¨nasicovid19 #vaks√¨ncovid19 #ayokitavaksin #ayovaks√¨ncovid19 #bersatulawancovid19 #bersamalawancorona #polrestabanan https://t.co/rDtIwYLMDf,"[{'text': 'vaksinbooster', 'indices': [110, 124]}]"
TabananHumas,,,4,9,4166,2021-05-09 22:52:02,2022-04-02 23:34:16,1,"Ayo Ikuti vaksinasi Booster, meningkatkan imunitas tubuh melawan Covid-19. #ayokitavaksin #ayovaks√¨ncovid19 #vaksinbooster #vaksinserentak #vaks√¨nasicovid19 #vaks√¨ncovid19 #polrestabanan https://t.co/RAEN9GJcwH","[{'text': 'ayokitavaksin', 'indices': [93, 107]}, {'text': 'ayovaks√¨ncovid19', 'indices': [108, 125]}]"
HKerambitan,Humas Polsek Kerambitan,,12,35,2492,2019-10-24 15:09:04,2022-04-02 23:32:29,0,Bhabinkamtibmas desa Bongan Polsek Tabanan pengamanan vaksinasi Booster di desa binaannya.  #vaksinbooster #vaksinserentak #vaks√¨nasicovid19 #vaks√¨ncovid19 #ayokitavaksin #ayovaks√¨ncovid19 #bersatulawancovid19 #bersamalawancorona #polrestabanan https://t.co/jtMewQJ1gN,"[{'text': 'vaksinbooster', 'indices': [92, 106]}, {'text': 'vaksinserentak', 'indices': [107, 122]}, {'text': 'vaks√¨nasicovid19', 'indices': [123, 140]}, {'text': 'vaks√¨ncovid19', 'indices': [141, 155]}, {'text': 'ayokitavaksin', 'indices': [156, 170]}, {'text': 'ayovaks√¨ncovid19', 'indices': [171, 188]}, {'text': 'bersatulawancovid19', 'indices': [189, 209]}, {'text': 'bersamalawancorona', 'indices': [210, 229]}, {'text': 'polrestabanan', 'indices': [230, 244]}]"
TabananHumas,,,4,9,4166,2021-05-09 22:52:02,2022-04-02 23:32:28,1,Bhabinkamtibmas desa Bongan Polsek Tabanan pengamanan vaksinasi Booster di desa binaannya.  #vaksinbooster #vaksinserentak #vaks√¨nasicovid19 #vaks√¨ncovid19 #ayokitavaksin #ayovaks√¨ncovid19 #bersatulawancovid19 #bersamalawancorona #polrestabanan https://t.co/rDtIwYLMDf,"[{'text': 'vaksinbooster', 'indices': [92, 106]}, {'text': 'vaksinserentak', 'indices': [107, 122]}, {'text': 'vaks√¨nasicovid19', 'indices': [123, 140]}, {'text': 'vaks√¨ncovid19', 'indices': [141, 155]}, {'text': 'ayokitavaksin', 'indices': [156, 170]}, {'text': 'ayovaks√¨ncovid19', 'indices': [171, 188]}, {'text': 'bersatulawancovid19', 'indices': [189, 209]}, {'text': 'bersamalawancorona', 'indices': [210, 229]}, {'text': 'polrestabanan', 'indices': [230, 244]}]"
TabananHumas,,,4,9,4166,2021-05-09 22:52:02,2022-04-02 23:27:31,1,"Ayo Ikuti vaksinasi Booster, meningkatkan imunitas tubuh melawan Covid-19. #ayokitavaksin #ayovaks√¨ncovid19 #vaksinbooster #vaksinserentak #vaks√¨nasicovid19 #vaks√¨ncovid19 #polrestabanan https://t.co/RAEN9GJcwH","[{'text': 'ayokitavaksin', 'indices': [75, 89]}, {'text': 'ayovaks√¨ncovid19', 'indices': [90, 107]}, {'text': 'vaksinbooster', 'indices': [108, 122]}, {'text': 'vaksinserentak', 'indices': [123, 138]}, {'text': 'vaks√¨nasicovid19', 'indices': [139, 156]}, {'text': 'vaks√¨ncovid19', 'indices': [157, 171]}, {'text': 'polrestabanan', 'indices': [172, 186]}]"
HKerambitan,Humas Polsek Kerambitan,,12,35,2492,2019-10-24 15:09:04,2022-04-02 23:27:03,0,"Ayo Ikuti vaksinasi Booster, meningkatkan imunitas tubuh melawan Covid-19. #ayokitavaksin #ayovaks√¨ncovid19 #vaksinbooster #vaksinserentak #vaks√¨nasicovid19 #vaks√¨ncovid19 #polrestabanan https://t.co/kMEXBTDXO6","[{'text': 'ayokitavaksin', 'indices': [75, 89]}, {'text': 'ayovaks√¨ncovid19', 'indices': [90, 107]}, {'text': 'vaksinbooster', 'indices': [108, 122]}, {'text': 'vaksinserentak', 'indices': [123, 138]}, {'text': 'vaks√¨nasicovid19', 'indices': [139, 156]}, {'text': 'vaks√¨ncovid19', 'indices': [157, 171]}, {'text': 'polrestabanan', 'indices': [172, 186]}]"
tabanan_polres,,,436,582,21122,2018-02-14 00:31:37,2022-04-02 23:19:18,1,"Ayo Ikuti vaksinasi Booster, meningkatkan imunitas tubuh melawan Covid-19. #ayokitavaksin #ayovaks√¨ncovid19 #vaksinbooster #vaksinserentak #vaks√¨nasicovid19 #vaks√¨ncovid19 #polrestabanan https://t.co/uKZ3bD6LLg","[{'text': 'ayokitavaksin', 'indices': [75, 89]}, {'text': 'ayovaks√¨ncovid19', 'indices': [90, 107]}, {'text': 'vaksinbooster', 'indices': [108, 122]}, {'text': 'vaksinserentak', 'indices': [123, 138]}, {'text': 'vaks√¨nasicovid19', 'indices': [139, 156]}, {'text': 'vaks√¨ncovid19', 'indices': [157, 171]}, {'text': 'polrestabanan', 'indices': [172, 186]}]"
tabanan_polres,,,436,582,21122,2018-02-14 00:31:37,2022-04-02 23:10:13,1,Bhabinkamtibmas desa Bongan Polsek Tabanan pengamanan vaksinasi Booster di desa binaannya.  #vaksinbooster #vaksinserentak #vaks√¨nasicovid19 #vaks√¨ncovid19 #ayokitavaksin #ayovaks√¨ncovid19 #bersatulawancovid19 #bersamalawancorona #polrestabanan https://t.co/NxodqyofPg,"[{'text': 'vaksinbooster', 'indices': [92, 106]}, {'text': 'vaksinserentak', 'indices': [107, 122]}, {'text': 'vaks√¨nasicovid19', 'indices': [123, 140]}, {'text': 'vaks√¨ncovid19', 'indices': [141, 155]}, {'text': 'ayokitavaksin', 'indices': [156, 170]}, {'text': 'ayovaks√¨ncovid19', 'indices': [171, 188]}, {'text': 'bersatulawancovid19', 'indices': [189, 209]}, {'text': 'bersamalawancorona', 'indices': [210, 229]}, {'text': 'polrestabanan', 'indices': [230, 244]}]"
NIHMalaysia,nihmalaysia@moh.gov.my,"Setia Alam, Selangor, Malaysia",39,1551,479,2019-11-20 10:21:40,2022-04-02 22:22:22,6,"Bagi tempoh Nov 2021 - Mac 2022 di Malaysia, #kematian #COVID19 dikalangan #wargaemas yang ada  #komorbid adalah 5x lebih rendah bagi mereka yang telah mengambil 3 dos berbanding hanya 2 dos #vaksin. @ICR_NIH https://t.co/ktl82WU0iI","[{'text': 'kematian', 'indices': [60, 69]}, {'text': 'COVID19', 'indices': [70, 78]}, {'text': 'wargaemas', 'indices': [90, 100]}, {'text': 'komorbid', 'indices': [111, 120]}]"
Ronaldowawan1,Sepak Bola Wanita Sexy,P,26,1,57,2022-03-28 03:46:55,2022-04-02 22:19:13,4,"Tahun ini, seiring dengan terkendalinya laju COVID-19 di Indonesia saat ini, Presiden Republik Indonesia Joko Widodo memberikan izin kepada masyarakat untuk melakukan mudik lebaran dengan syarat. Baca Selengkapnya https://t.co/ZDuFUA997S
___
#vivacoid #mudik2022 #vaksincovid19 https://t.co/QFWcyxk5Hw",[]
Bennisa40058777,,,0,0,60,2022-03-29 02:09:59,2022-04-02 21:39:28,4,"Tahun ini, seiring dengan terkendalinya laju COVID-19 di Indonesia saat ini, Presiden Republik Indonesia Joko Widodo memberikan izin kepada masyarakat untuk melakukan mudik lebaran dengan syarat. Baca Selengkapnya https://t.co/ZDuFUA997S
___
#vivacoid #mudik2022 #vaksincovid19 https://t.co/QFWcyxk5Hw",[]
ibdil,Coffee lover and love to talk about the progress of our nation. For Chief & Country! üá≤üáæ #YNWA #Setiakawan,"Kuala Lumpur, Wilayah Persekutuan Kuala Lumpur",1697,11433,45479,2009-05-06 05:26:51,2022-04-02 21:15:40,6,"Bagi tempoh Nov 2021 - Mac 2022 di Malaysia, #kematian #COVID19 dikalangan #wargaemas yang ada  #komorbid adalah 5x lebih rendah bagi mereka yang telah mengambil 3 dos berbanding hanya 2 dos #vaksin. @ICR_NIH https://t.co/ktl82WU0iI","[{'text': 'kematian', 'indices': [60, 69]}, {'text': 'COVID19', 'indices': [70, 78]}, {'text': 'wargaemas', 'indices': [90, 100]}, {'text': 'komorbid', 'indices': [111, 120]}]"
RupiahLoker,"Kami membagikan informasi Lowongan Kerja, Tutorial, Crypto & Investasi.",Indonesia,100,1,8,2022-04-01 19:50:26,2022-04-02 18:27:08,0,"Cara cek kartu vaksin online dan cek sertifikat vaksin orang lain

https://t.co/4Yu2ZclIJp

#CARA #tutorials #vaksinpresisi #vaksin #kartuvaksin","[{'text': 'CARA', 'indices': [92, 97]}, {'text': 'tutorials', 'indices': [98, 108]}, {'text': 'vaksinpresisi', 'indices': [109, 123]}, {'text': 'vaksin', 'indices': [124, 131]}, {'text': 'kartuvaksin', 'indices': [132, 144]}]"
MediakomKemkes,Mediakom: Majalah resmi Kementerian Kesehatan RI. https://t.co/t6F1XaVMdC,,5,31,890,2021-08-20 04:41:20,2022-04-02 18:05:51,0,#Vaksin Pneumonia Masuk #Imunisasi Rutin https://t.co/xeBfzWrN6F #vaksinpneumonia,"[{'text': 'Vaksin', 'indices': [0, 7]}, {'text': 'Imunisasi', 'indices': [24, 34]}, {'text': 'vaksinpneumonia', 'indices': [65, 81]}]"
jago_online88,One Stop Gaming Center !! Let's have fun together !!!,,7,0,1312,2020-04-08 10:09:41,2022-04-02 16:44:12,0,"HASIL KELUARAN TOGEL HONGKONG 02-04-2022, klik link¬†https://t.co/OHGdNRdJ5r

Link masuk :¬†https://t.co/9JcmxOqETH

Link promosi :¬†https://t.co/RZt6uYQQMr

#jagoonline88 #situsjudionline #situstogel #jackpot #menang #bonus #vaksin #gratis #promo #chips #april #togelhk https://t.co/c9CgRHAsyy","[{'text': 'jagoonline88', 'indices': [155, 168]}, {'text': 'situsjudionline', 'indices': [169, 185]}, {'text': 'situstogel', 'indices': [186, 197]}, {'text': 'jackpot', 'indices': [198, 206]}, {'text': 'menang', 'indices': [207, 214]}, {'text': 'bonus', 'indices': [215, 221]}, {'text': 'vaksin', 'indices': [222, 229]}, {'text': 'gratis', 'indices': [230, 237]}, {'text': 'promo', 'indices': [238, 244]}, {'text': 'chips', 'indices': [245, 251]}, {'text': 'april', 'indices': [252, 258]}, {'text': 'togelhk', 'indices': [259, 267]}]"
ryolandafit,I ‚ù§ Allah,,26,724,361572,2014-08-20 09:14:59,2022-04-02 14:09:31,1,"Menteri Perhubungan (Menhub), Budi Karya Sumadi, mengatakan sedang menyiapkan Surat Edaran (SE) yang mengatur perjalanan mudik Lebaran 2022. GAL

https://t.co/Xyn3n1vMD8

#Kemenhub #TNI #Polri #Mudik #Vaksin #COVID19 #Kemekes #Mudik2022 #iNews https://t.co/IA1rbDbw8B",[]
OfficialiNewsTV,Inspiring and Informative,iNews Tower ,333,134435,381226,2011-09-19 03:32:18,2022-04-02 13:48:53,1,"Menteri Perhubungan (Menhub), Budi Karya Sumadi, mengatakan sedang menyiapkan Surat Edaran (SE) yang mengatur perjalanan mudik Lebaran 2022. GAL

https://t.co/Xyn3n1vMD8

#Kemenhub #TNI #Polri #Mudik #Vaksin #COVID19 #Kemekes #Mudik2022 #iNews https://t.co/IA1rbDbw8B","[{'text': 'Kemenhub', 'indices': [171, 180]}, {'text': 'TNI', 'indices': [181, 185]}, {'text': 'Polri', 'indices': [186, 192]}, {'text': 'Mudik', 'indices': [193, 199]}, {'text': 'Vaksin', 'indices': [200, 207]}, {'text': 'COVID19', 'indices': [208, 216]}, {'text': 'Kemekes', 'indices': [217, 225]}, {'text': 'Mudik2022', 'indices': [226, 236]}, {'text': 'iNews', 'indices': [237, 243]}]"
uinsgd_official,"Official Account of UIN Sunan Gunung Djati Bandung | Religiosity, Intellectuality and Innovation | Managed by HUMAS UIN SGD | #UINSGDForBetterFuture","Bandung, Jawa Barat",3,2147,177,2020-07-06 02:41:34,2022-04-02 13:34:17,0,"SGDFighters, kamu sudah divaksin booster belum? Meskipun sudah divaksin, tong hilap jaga kesehatan! Buat kamu yang lagi mudik kalo kata aa Tulus mah hati-hati dijalan ya.ü§ó #vaksin #vaksinbooster #uinbandung
https://t.co/KqVTQ35RX4","[{'text': 'vaksin', 'indices': [172, 179]}, {'text': 'vaksinbooster', 'indices': [180, 194]}, {'text': 'uinbandung', 'indices': [195, 206]}]"
restamojokerto,tetap semangat,,24,123,4575,2020-03-29 03:10:32,2022-04-02 12:48:30,0,"Cegah Omicron, Pamor Keris Mojokota dengan Swab Acak Dan Bagi Masker

#PamorKeris
#BagiMasker
#PolresMojokertoKota
#Prokes
#LawanCovid19
#Vaksin
#PolriPresisi
#Kodim0815Mojokerto
#Dinkes
#SatpolPPKotaMojokerto
#DishubKotaMojokerto https://t.co/G7T2C1XJjz","[{'text': 'PamorKeris', 'indices': [70, 81]}, {'text': 'BagiMasker', 'indices': [82, 93]}, {'text': 'PolresMojokertoKota', 'indices': [94, 114]}, {'text': 'Prokes', 'indices': [115, 122]}, {'text': 'LawanCovid19', 'indices': [123, 136]}, {'text': 'Vaksin', 'indices': [137, 144]}, {'text': 'PolriPresisi', 'indices': [145, 158]}, {'text': 'Kodim0815Mojokerto', 'indices': [159, 178]}, {'text': 'Dinkes', 'indices': [179, 186]}, {'text': 'SatpolPPKotaMojokerto', 'indices': [187, 209]}, {'text': 'DishubKotaMojokerto', 'indices': [210, 230]}]"
restamojokerto,tetap semangat,,24,123,4575,2020-03-29 03:10:32,2022-04-02 12:48:25,0,"PENERANGAN KELILING HIMBAU PROKES

Sosialisasi Immendagri No. 18 Tahun 2022 terkait PPKM dan Prokes 5M oleh Polres Mojokerto Kota

#Penling
#Bhabinkamtibmas
#PamorKeris
#Swab
#PolresMojokertoKota
#Prokes
#LawanCovid19
#Vaksin
#PolriPresisi
#SatpolPPKotaMojokerto https://t.co/YhbnG28375","[{'text': 'Penling', 'indices': [131, 139]}, {'text': 'Bhabinkamtibmas', 'indices': [140, 156]}, {'text': 'PamorKeris', 'indices': [157, 168]}, {'text': 'Swab', 'indices': [169, 174]}, {'text': 'PolresMojokertoKota', 'indices': [175, 195]}, {'text': 'Prokes', 'indices': [196, 203]}, {'text': 'LawanCovid19', 'indices': [204, 217]}, {'text': 'Vaksin', 'indices': [218, 225]}, {'text': 'PolriPresisi', 'indices': [226, 239]}, {'text': 'SatpolPPKotaMojokerto', 'indices': [240, 262]}]"
afis_farisxxvii,"Retweets ‚â† endorsements | God grant me the serenity to accept the things I cannot change, courage to change the things I can, and wisdom to know the difference","Baltimore, MD",1193,512,387932,2010-05-31 21:25:25,2022-04-02 12:31:59,1,"#BHwilayah Usaha menyedarkan ibu bapa dilakukan bagi pastikan anak divaksin

https://t.co/u3ITrrEH2D

#vaksin #coronavirus #covid19","[{'text': 'BHwilayah', 'indices': [15, 25]}, {'text': 'vaksin', 'indices': [117, 124]}, {'text': 'coronavirus', 'indices': [125, 137]}]"
bharianmy,"Wadah Pembaharuan. 
Ikuti kami juga di https://t.co/hM7q8z63H2 :: https://t.co/E3pGSK0JAU :: https://t.co/biAzjXAmMW‚Ä¶",Malaysia,293,1697137,539101,2009-08-05 08:06:17,2022-04-02 12:26:16,1,"#BHwilayah Usaha menyedarkan ibu bapa dilakukan bagi pastikan anak divaksin

https://t.co/u3ITrrEH2D

#vaksin #coronavirus #covid19","[{'text': 'BHwilayah', 'indices': [0, 10]}, {'text': 'vaksin', 'indices': [102, 109]}, {'text': 'coronavirus', 'indices': [110, 122]}, {'text': 'covid19', 'indices': [123, 131]}]"
RosnahDr,,,20,1,3,2021-05-30 15:28:47,2022-04-02 11:26:31,6,"Bagi tempoh Nov 2021 - Mac 2022 di Malaysia, #kematian #COVID19 dikalangan #wargaemas yang ada  #komorbid adalah 5x lebih rendah bagi mereka yang telah mengambil 3 dos berbanding hanya 2 dos #vaksin. @ICR_NIH https://t.co/ktl82WU0iI","[{'text': 'kematian', 'indices': [60, 69]}, {'text': 'COVID19', 'indices': [70, 78]}, {'text': 'wargaemas', 'indices': [90, 100]}, {'text': 'komorbid', 'indices': [111, 120]}]"
ditreskrimumpmj,"AKUN RESMI DITRESKRIMUM
POLDA METRO JAYA
Facebook : ditreskrimumpmj -- instagram : ditreskrimum_pmj","DKI Jakarta, Indonesia",449,1186,2493,2017-12-18 07:13:27,2022-04-02 10:52:57,0,"Terimakasih untuk Masyarakat yang sudah mengikuti kegiatan Vaksin Ditreskrimum di Stasiun Senen hari ini, untuk yang belum Vaksin bisa datang besok yaaa, Yuk Kita Vaksin! üòä

#vaksin #geraivaksin #vaksincovid19 #vaksinbooster #vaksinke3 #polisi #poldametrojaya #ditreskrimum https://t.co/TD1OwP9EBg","[{'text': 'vaksin', 'indices': [174, 181]}, {'text': 'geraivaksin', 'indices': [182, 194]}, {'text': 'vaksincovid19', 'indices': [195, 209]}, {'text': 'vaksinbooster', 'indices': [210, 224]}, {'text': 'vaksinke3', 'indices': [225, 235]}, {'text': 'polisi', 'indices': [236, 243]}, {'text': 'poldametrojaya', 'indices': [244, 259]}, {'text': 'ditreskrimum', 'indices': [260, 273]}]"
syawal,"‚ÄúEverything should be made as simple as possible, but no simpler.‚Äù - Albert Einstein.  
RT or Like ‚â† endorsement.",,5000,2940,338923,2007-05-17 13:31:09,2022-04-02 10:04:29,6,"Bagi tempoh Nov 2021 - Mac 2022 di Malaysia, #kematian #COVID19 dikalangan #wargaemas yang ada  #komorbid adalah 5x lebih rendah bagi mereka yang telah mengambil 3 dos berbanding hanya 2 dos #vaksin. @ICR_NIH https://t.co/ktl82WU0iI","[{'text': 'kematian', 'indices': [60, 69]}, {'text': 'COVID19', 'indices': [70, 78]}, {'text': 'wargaemas', 'indices': [90, 100]}, {'text': 'komorbid', 'indices': [111, 120]}]"
ICR_NIH,ICR is the clinical research arm of the MOH & a research institute under the NIH. We're committed to do quality clinical research that matters to patients.,Setia Alam Selangor Malaysia,196,1930,1113,2019-03-14 11:10:54,2022-04-02 09:52:58,6,"Bagi tempoh Nov 2021 - Mac 2022 di Malaysia, #kematian #COVID19 dikalangan #wargaemas yang ada  #komorbid adalah 5x lebih rendah bagi mereka yang telah mengambil 3 dos berbanding hanya 2 dos #vaksin. @ICR_NIH https://t.co/ktl82WU0iI","[{'text': 'kematian', 'indices': [60, 69]}, {'text': 'COVID19', 'indices': [70, 78]}, {'text': 'wargaemas', 'indices': [90, 100]}, {'text': 'komorbid', 'indices': [111, 120]}]"
drkalai61,"Director, Institute for Clinical Research (ICR) NIH MOH Malaysia. Adjunct Professor Taylor‚Äôs School of Medicine Malaysia",Setia alam,168,1694,438,2013-07-22 13:13:55,2022-04-02 09:49:32,6,"Bagi tempoh Nov 2021 - Mac 2022 di Malaysia, #kematian #COVID19 dikalangan #wargaemas yang ada  #komorbid adalah 5x lebih rendah bagi mereka yang telah mengambil 3 dos berbanding hanya 2 dos #vaksin. @ICR_NIH https://t.co/ktl82WU0iI","[{'text': 'kematian', 'indices': [45, 54]}, {'text': 'COVID19', 'indices': [55, 63]}, {'text': 'wargaemas', 'indices': [75, 85]}, {'text': 'komorbid', 'indices': [96, 105]}, {'text': 'vaksin', 'indices': [191, 198]}]"
HendikTimoti,humas magersari,,256,547,4595,2020-09-30 12:12:04,2022-04-02 09:44:45,0,"PENERANGAN KELILING HIMBAU PROKES

Sosialisasi Immendagri No. 18 Tahun 2022 terkait PPKM dan Prokes 5M oleh Polres Mojokerto Kota

#Penling
#Bhabinkamtibmas
#PamorKeris
#Swab
#PolresMojokertoKota
#Prokes
#LawanCovid19
#Vaksin
#PolriPresisi
#SatpolPPKotaMojokerto https://t.co/gw9tWSXAyj","[{'text': 'Penling', 'indices': [131, 139]}, {'text': 'Bhabinkamtibmas', 'indices': [140, 156]}, {'text': 'PamorKeris', 'indices': [157, 168]}, {'text': 'Swab', 'indices': [169, 174]}, {'text': 'PolresMojokertoKota', 'indices': [175, 195]}, {'text': 'Prokes', 'indices': [196, 203]}, {'text': 'LawanCovid19', 'indices': [204, 217]}, {'text': 'Vaksin', 'indices': [218, 225]}, {'text': 'PolriPresisi', 'indices': [226, 239]}, {'text': 'SatpolPPKotaMojokerto', 'indices': [240, 262]}]"
Yono43370361,Kami Selalu Ada Buat Masyarakat,"Jetis, Indonesia",76,58,6156,2020-04-12 01:25:40,2022-04-02 09:40:52,0,"PENERANGAN KELILING HIMBAU PROKES

Sosialisasi Immendagri No. 18 Tahun 2022 terkait PPKM dan Prokes 5M oleh Polres Mojokerto Kota

#Penling
#Bhabinkamtibmas
#PamorKeris
#Swab
#PolresMojokertoKota
#Prokes
#LawanCovid19
#Vaksin
#PolriPresisi
#SatpolPPKotaMojokerto https://t.co/SvKOjeiPd6","[{'text': 'Penling', 'indices': [131, 139]}, {'text': 'Bhabinkamtibmas', 'indices': [140, 156]}, {'text': 'PamorKeris', 'indices': [157, 168]}, {'text': 'Swab', 'indices': [169, 174]}, {'text': 'PolresMojokertoKota', 'indices': [175, 195]}, {'text': 'Prokes', 'indices': [196, 203]}, {'text': 'LawanCovid19', 'indices': [204, 217]}, {'text': 'Vaksin', 'indices': [218, 225]}, {'text': 'PolriPresisi', 'indices': [226, 239]}, {'text': 'SatpolPPKotaMojokerto', 'indices': [240, 262]}]"
humaspralon,,,190,365,1054,2021-10-06 08:34:38,2022-04-02 09:27:40,0,"PENERANGAN KELILING HIMBAU PROKES

Sosialisasi Immendagri No. 18 Tahun 2022 terkait PPKM dan Prokes 5M oleh Polres Mojokerto Kota

#Penling
#Bhabinkamtibmas
#PamorKeris
#Swab
#PolresMojokertoKota
#Prokes
#LawanCovid19
#Vaksin
#PolriPresisi
#SatpolPPKotaMojokerto
#DishubKotaMojok https://t.co/MwQzRxK50G","[{'text': 'Penling', 'indices': [131, 139]}, {'text': 'Bhabinkamtibmas', 'indices': [140, 156]}, {'text': 'PamorKeris', 'indices': [157, 168]}, {'text': 'Swab', 'indices': [169, 174]}, {'text': 'PolresMojokertoKota', 'indices': [175, 195]}, {'text': 'Prokes', 'indices': [196, 203]}, {'text': 'LawanCovid19', 'indices': [204, 217]}, {'text': 'Vaksin', 'indices': [218, 225]}, {'text': 'PolriPresisi', 'indices': [226, 239]}, {'text': 'SatpolPPKotaMojokerto', 'indices': [240, 262]}, {'text': 'DishubKotaMojok', 'indices': [263, 279]}]"
humaspralon,,,190,365,1054,2021-10-06 08:34:38,2022-04-02 09:24:34,0,"Cegah Omicron, Pamor Keris Mojokota dengan Swab Acak Dan Bagi Masker

#PamorKeris
#BagiMasker
#PolresMojokertoKota
#Prokes
#LawanCovid19
#Vaksin
#PolriPresisi
#Kodim0815Mojokerto
#Dinkes
#SatpolPPKotaMojokerto
#DishubKotaMojokerto https://t.co/33dUvhQvyR","[{'text': 'PamorKeris', 'indices': [70, 81]}, {'text': 'BagiMasker', 'indices': [82, 93]}, {'text': 'PolresMojokertoKota', 'indices': [94, 114]}, {'text': 'Prokes', 'indices': [115, 122]}, {'text': 'LawanCovid19', 'indices': [123, 136]}, {'text': 'Vaksin', 'indices': [137, 144]}, {'text': 'PolriPresisi', 'indices': [145, 158]}, {'text': 'Kodim0815Mojokerto', 'indices': [159, 178]}, {'text': 'Dinkes', 'indices': [179, 186]}, {'text': 'SatpolPPKotaMojokerto', 'indices': [187, 209]}, {'text': 'DishubKotaMojokerto', 'indices': [210, 230]}]"
Polsekkemlagi2,Salam Presisi,,16,21,1995,2020-10-04 11:28:50,2022-04-02 09:22:24,0,"PENERANGAN KELILING HIMBAU PROKES

Sosialisasi Immendagri No. 18 Tahun 2022 terkait PPKM dan Prokes 5M oleh Polres Mojokerto Kota

#Penling
#Bhabinkamtibmas
#PamorKeris
#Swab
#PolresMojokertoKota
#Prokes
#LawanCovid19
#Vaksin
#PolriPresisi
#SatpolPPKotaMojokerto https://t.co/TLG6K2uP5Z","[{'text': 'Penling', 'indices': [131, 139]}, {'text': 'Bhabinkamtibmas', 'indices': [140, 156]}, {'text': 'PamorKeris', 'indices': [157, 168]}, {'text': 'Swab', 'indices': [169, 174]}, {'text': 'PolresMojokertoKota', 'indices': [175, 195]}, {'text': 'Prokes', 'indices': [196, 203]}, {'text': 'LawanCovid19', 'indices': [204, 217]}, {'text': 'Vaksin', 'indices': [218, 225]}, {'text': 'PolriPresisi', 'indices': [226, 239]}, {'text': 'SatpolPPKotaMojokerto', 'indices': [240, 262]}]"
Polsekkemlagi2,Salam Presisi,,16,21,1995,2020-10-04 11:28:50,2022-04-02 09:21:51,0,"Cegah Omicron, Pamor Keris Mojokota dengan Swab Acak Dan Bagi Masker

#PamorKeris
#BagiMasker
#PolresMojokertoKota
#Prokes
#LawanCovid19
#Vaksin
#PolriPresisi
#Kodim0815Mojokerto
#Dinkes
#SatpolPPKotaMojokerto
#DishubKotaMojokerto https://t.co/boeB46zq5E","[{'text': 'PamorKeris', 'indices': [70, 81]}, {'text': 'BagiMasker', 'indices': [82, 93]}, {'text': 'PolresMojokertoKota', 'indices': [94, 114]}, {'text': 'Prokes', 'indices': [115, 122]}, {'text': 'LawanCovid19', 'indices': [123, 136]}, {'text': 'Vaksin', 'indices': [137, 144]}, {'text': 'PolriPresisi', 'indices': [145, 158]}, {'text': 'Kodim0815Mojokerto', 'indices': [159, 178]}, {'text': 'Dinkes', 'indices': [179, 186]}, {'text': 'SatpolPPKotaMojokerto', 'indices': [187, 209]}, {'text': 'DishubKotaMojokerto', 'indices': [210, 230]}]"
KramatJa3,,,28,20,1756,2021-10-23 13:45:43,2022-04-02 09:07:06,0,"Kapolda Metro Jaya Irjen Pol. Dr. Mohammad Fadil Imran, https://t.co/u6tuzYAnyf., menggelar kegiatan vaksinasi booster pada akhir pekan selama Ramadan 1443 Hijriah.

Kegiatan vaksinasi tersebut dilaksanakan antara lain di Stadion Gelora Bung Karno dan Pasar Tanah Abang.

#vaksin https://t.co/2n2OFKaULN","[{'text': 'vaksin', 'indices': [272, 279]}]"
medianekita,"https://t.co/QxnPo7jzgp merupakan portal berita yang menyajikan informasi berimbang, teraktual dan terupdate, sesuai dengan motto kami:
In Median, We Stand","Depok, Jawa Barat",177,576,3511,2021-10-07 07:29:02,2022-04-02 07:50:49,0,"Tinjau Vaksinasi Booster di Purbalingga: Ganjar, Cakupan Vaksinasi Sudah Mencapai 11 Persen
#Vaksin #Ganjar https://t.co/CenzaSNCnP","[{'text': 'Vaksin', 'indices': [92, 99]}, {'text': 'Ganjar', 'indices': [100, 107]}]"
EkoTamba,"Jalan jalan dan makan makan. Sesekali baca baca, seringnya bercerita",Sibolga - Jakarta ,321,931,40857,2009-08-29 03:38:27,2022-04-02 06:50:50,2,"Ayo kita Vaksin! üòä

Ditreskrimum Polda Metro Jaya membuka Gerai Vaksinasi pada hari Sabtu dan Minggu tanggal 2 dan 3April 2023 di Stasiun Kereta Api Senen, Jakarta Pusat, bagi masyarakat yang belum Vaksin dapat mengunjungi Gerai Vaksinasi Ditreskrimum.

#vaksin #geraivaksin https://t.co/JUwt0Ismx0",[]
restamojokerto,tetap semangat,,24,123,4575,2020-03-29 03:10:32,2022-04-02 05:34:26,0,"PENERANGAN KELILING 

Sosialisasi Immendagri No. 18 Tahun 2022 terkait PPKM dan Prokes 5M oleh Polres Mojokerto Kota

#Penling
#Bhabinkamtibmas
#PamorKeris
#Swab
#PolresMojokertoKota
#Prokes
#LawanCovid19
#Vaksin
#PolriPresisi
#SatpolPPKotaMojokerto
#DishubKotaMojokerto https://t.co/J3f5tJmetD","[{'text': 'Penling', 'indices': [118, 126]}, {'text': 'Bhabinkamtibmas', 'indices': [127, 143]}, {'text': 'PamorKeris', 'indices': [144, 155]}, {'text': 'Swab', 'indices': [156, 161]}, {'text': 'PolresMojokertoKota', 'indices': [162, 182]}, {'text': 'Prokes', 'indices': [183, 190]}, {'text': 'LawanCovid19', 'indices': [191, 204]}, {'text': 'Vaksin', 'indices': [205, 212]}, {'text': 'PolriPresisi', 'indices': [213, 226]}, {'text': 'SatpolPPKotaMojokerto', 'indices': [227, 249]}, {'text': 'DishubKotaMojokerto', 'indices': [250, 270]}]"
restamojokerto,tetap semangat,,24,123,4575,2020-03-29 03:10:32,2022-04-02 05:33:12,0,"Cegah Omicron, Pamor Keris Mojokota dengan Swab Acak Dan Bagi Masker

#PamorKeris
#BagiMasker
#PolresMojokertoKota
#Prokes
#LawanCovid19
#Vaksin
#PolriPresisi
#Kodim0815Mojokerto
#Dinkes
#SatpolPPKotaMojokerto
#DishubKotaMojokerto https://t.co/5y3YTjE92g","[{'text': 'PamorKeris', 'indices': [70, 81]}, {'text': 'BagiMasker', 'indices': [82, 93]}, {'text': 'PolresMojokertoKota', 'indices': [94, 114]}, {'text': 'Prokes', 'indices': [115, 122]}, {'text': 'LawanCovid19', 'indices': [123, 136]}, {'text': 'Vaksin', 'indices': [137, 144]}, {'text': 'PolriPresisi', 'indices': [145, 158]}, {'text': 'Kodim0815Mojokerto', 'indices': [159, 178]}, {'text': 'Dinkes', 'indices': [179, 186]}, {'text': 'SatpolPPKotaMojokerto', 'indices': [187, 209]}, {'text': 'DishubKotaMojokerto', 'indices': [210, 230]}]"
restamojokerto,tetap semangat,,24,123,4575,2020-03-29 03:10:32,2022-04-02 05:30:09,0,"Cegah Omicron, Pamor Keris Mojokota dengan Swab Acak Dan Bagi Masker

#PamorKeris
#BagiMasker
#PolresMojokertoKota
#Prokes
#LawanCovid19
#Vaksin
#PolriPresisi
#Kodim0815Mojokerto
#Dinkes
#SatpolPPKotaMojokerto
#DishubKotaMojokerto https://t.co/ktnBp8TZnC","[{'text': 'PamorKeris', 'indices': [70, 81]}, {'text': 'BagiMasker', 'indices': [82, 93]}, {'text': 'PolresMojokertoKota', 'indices': [94, 114]}, {'text': 'Prokes', 'indices': [115, 122]}, {'text': 'LawanCovid19', 'indices': [123, 136]}, {'text': 'Vaksin', 'indices': [137, 144]}, {'text': 'PolriPresisi', 'indices': [145, 158]}, {'text': 'Kodim0815Mojokerto', 'indices': [159, 178]}, {'text': 'Dinkes', 'indices': [179, 186]}, {'text': 'SatpolPPKotaMojokerto', 'indices': [187, 209]}, {'text': 'DishubKotaMojokerto', 'indices': [210, 230]}]"
BalaiSat,Berusaha Berbuat Yang Terbaik,,47,22,7104,2020-04-07 03:41:27,2022-04-02 05:01:57,0,"Pelaksanaan gatur pagi personel Sat Lantas Polres Tanjung Balai pada hari Sabtu 02 April 2022 dipimpin Kasat Lantas AKP H.W. SIAHAAN, S.H.

@rtmcpoldasumut
@direktoratlalulintaspoldasumut
@poldasumaterautara
#pakaimasker 
#jagajarak
#cucitangan
#vaks√¨ncovid19 https://t.co/QcdedFU7iA","[{'text': 'pakaimasker', 'indices': [208, 220]}, {'text': 'jagajarak', 'indices': [222, 232]}, {'text': 'cucitangan', 'indices': [233, 244]}, {'text': 'vaks√¨ncovid19', 'indices': [245, 259]}]"
RsudNyi,MELAYANI SEPENUH HATI,,4,15,22,2020-03-23 02:24:14,2022-04-02 04:53:42,0,"Vaksinasi Covid-19 ""Moderna""
Berikut link pendaftarannya:
https://t.co/1weHf4YHOP
Terimakasih

#VaksinBooster #vaksin #Covid_19 https://t.co/j1tGwtrim0","[{'text': 'VaksinBooster', 'indices': [95, 109]}, {'text': 'vaksin', 'indices': [110, 117]}, {'text': 'Covid_19', 'indices': [118, 127]}]"
beritaKBR,"Inspiratif, Tepercaya | Podcast: https://t.co/WponLLoVIR | Live streaming & web: https://t.co/LAXaylA5kM | SMS/WA: 0812 118 8181 | Bebas pulsa: 0800 24 57 893","Jakarta, Indonesia",7,136826,233194,2010-03-19 07:17:03,2022-04-02 04:00:01,0,"Calon penumpang usia di bawah 6 tahun dapat melakukan perjalanan dengan pendamping dan harus menerapkan protokol kesehatan secara ketat. 
 
Bagaimana dengan #calonpenumpang yang baru menerima #vaksin dosis pertama? 
 
Apa saja syarat lainnya? https://t.co/nQUPQC9bJ8","[{'text': 'calonpenumpang', 'indices': [157, 172]}, {'text': 'vaksin', 'indices': [192, 199]}]"
polisilinggau_,update Kegiatan polres Lubuklinggau polda sumsel dan polsek jajaran,"Lubuk Linggau Timur, Indonesia",34,19,1747,2021-06-12 16:05:48,2022-04-02 03:51:11,0,"Vaksinasi membantu menjaga kekebalan tubuh dari virus covid-19

#covid #covid19 #corona #omicron #vaksin #latepost https://t.co/IpcBMuagfR","[{'text': 'covid', 'indices': [64, 70]}, {'text': 'covid19', 'indices': [71, 79]}, {'text': 'corona', 'indices': [80, 87]}, {'text': 'omicron', 'indices': [88, 96]}, {'text': 'vaksin', 'indices': [97, 104]}, {'text': 'latepost', 'indices': [105, 114]}]"
Ganjarist_TNG,Gerakan Nasional Ganjar Pranowo Untuk Indonesia Satu,,4,4,55,2022-02-13 08:16:12,2022-04-02 03:30:25,0,"Ayo Vaksin Booster!, Untuk Tingkatkan Keamanan Saat Mudik

#ganjarpranowo #ganjar_pranowo  #ganjarist #ganjaristindonesia #sahabatganjar #temanganjar #lapakganjar #gubernurjateng #jatenggayeng #jateng #vaksin #vaks√¨ncovid19 #vaksinasi https://t.co/jRBT2bkHXP","[{'text': 'ganjarpranowo', 'indices': [59, 73]}, {'text': 'ganjar_pranowo', 'indices': [74, 89]}, {'text': 'ganjarist', 'indices': [91, 101]}, {'text': 'ganjaristindonesia', 'indices': [102, 121]}, {'text': 'sahabatganjar', 'indices': [122, 136]}, {'text': 'temanganjar', 'indices': [137, 149]}, {'text': 'lapakganjar', 'indices': [150, 162]}, {'text': 'gubernurjateng', 'indices': [163, 178]}, {'text': 'jatenggayeng', 'indices': [179, 192]}, {'text': 'jateng', 'indices': [193, 200]}, {'text': 'vaksin', 'indices': [201, 208]}, {'text': 'vaks√¨ncovid19', 'indices': [209, 223]}, {'text': 'vaksinasi', 'indices': [224, 234]}]"
Rakyat_Merdeka9,The Political News Leaders,,477,401,29417,2020-01-08 00:55:37,2022-04-02 02:39:34,5,"Buka Akses Booster Untuk Rakyat Kecil

#Booster #Vaksin #vaksinasi #Omicron #OmicronVirus #OmicronVariant #Corona #coronavirus #COVID19 #COVID #RakyatMerdeka #RMid 
 https://t.co/lfNVZnshYQ","[{'text': 'Booster', 'indices': [59, 67]}, {'text': 'Vaksin', 'indices': [68, 75]}, {'text': 'vaksinasi', 'indices': [76, 86]}, {'text': 'Omicron', 'indices': [87, 95]}, {'text': 'OmicronVirus', 'indices': [96, 109]}, {'text': 'OmicronVariant', 'indices': [110, 125]}, {'text': 'Corona', 'indices': [126, 133]}]"
Rakyat_Merdeka9,The Political News Leaders,,477,401,29417,2020-01-08 00:55:37,2022-04-02 02:39:04,4,"Top News Koran Rakyat Merdeka

Imbauan Mendagri
Camat Harus Kampanye Disiplin Prokes Dan Vaksin

#Booster #Vaksin #vaksinasi #Omicron #OmicronVirus #OmicronVariant #Corona #coronavirus #COVID19 #COVID #RakyatMerdeka #RMid

https://t.co/lApOcVTX53","[{'text': 'Booster', 'indices': [117, 125]}, {'text': 'Vaksin', 'indices': [126, 133]}]"
Rakyat_Merdeka9,The Political News Leaders,,477,401,29417,2020-01-08 00:55:37,2022-04-02 02:38:46,4,"Pemudik Berkendaraan Pribadi Bakal Diperiksa Acak Status Vaksinasinya

#mudik #Booster #Vaksin #vaksinasi #Omicron #OmicronVirus #OmicronVariant #Corona #coronavirus #COVID19 #COVID #RakyatMerdeka #RMid

https://t.co/5bnUaqu3z1","[{'text': 'mudik', 'indices': [91, 97]}, {'text': 'Booster', 'indices': [98, 106]}, {'text': 'Vaksin', 'indices': [107, 114]}, {'text': 'vaksinasi', 'indices': [115, 125]}, {'text': 'Omicron', 'indices': [126, 134]}]"
EkonomiTerkini,,,38,132,19620,2019-11-06 08:12:46,2022-04-02 02:34:41,5,"Buka Akses Booster Untuk Rakyat Kecil

#Booster #Vaksin #vaksinasi #Omicron #OmicronVirus #OmicronVariant #Corona #coronavirus #COVID19 #COVID #RakyatMerdeka #RMid 
 https://t.co/lfNVZnshYQ","[{'text': 'Booster', 'indices': [59, 67]}, {'text': 'Vaksin', 'indices': [68, 75]}, {'text': 'vaksinasi', 'indices': [76, 86]}, {'text': 'Omicron', 'indices': [87, 95]}, {'text': 'OmicronVirus', 'indices': [96, 109]}, {'text': 'OmicronVariant', 'indices': [110, 125]}, {'text': 'Corona', 'indices': [126, 133]}]"
EkonomiTerkini,,,38,132,19620,2019-11-06 08:12:46,2022-04-02 02:34:07,4,"Top News Koran Rakyat Merdeka

Imbauan Mendagri
Camat Harus Kampanye Disiplin Prokes Dan Vaksin

#Booster #Vaksin #vaksinasi #Omicron #OmicronVirus #OmicronVariant #Corona #coronavirus #COVID19 #COVID #RakyatMerdeka #RMid

https://t.co/lApOcVTX53","[{'text': 'Booster', 'indices': [117, 125]}, {'text': 'Vaksin', 'indices': [126, 133]}]"
EkonomiTerkini,,,38,132,19620,2019-11-06 08:12:46,2022-04-02 02:33:51,4,"Pemudik Berkendaraan Pribadi Bakal Diperiksa Acak Status Vaksinasinya

#mudik #Booster #Vaksin #vaksinasi #Omicron #OmicronVirus #OmicronVariant #Corona #coronavirus #COVID19 #COVID #RakyatMerdeka #RMid

https://t.co/5bnUaqu3z1","[{'text': 'mudik', 'indices': [91, 97]}, {'text': 'Booster', 'indices': [98, 106]}, {'text': 'Vaksin', 'indices': [107, 114]}, {'text': 'vaksinasi', 'indices': [115, 125]}, {'text': 'Omicron', 'indices': [126, 134]}]"
corona_tweet,,,0,507,90895,2020-04-27 18:12:19,2022-04-02 02:23:58,5,"Buka Akses Booster Untuk Rakyat Kecil

#Booster #Vaksin #vaksinasi #Omicron #OmicronVirus #OmicronVariant #Corona #coronavirus #COVID19 #COVID #RakyatMerdeka #RMid 
 https://t.co/lfNVZnshYQ","[{'text': 'Booster', 'indices': [59, 67]}, {'text': 'Vaksin', 'indices': [68, 75]}, {'text': 'vaksinasi', 'indices': [76, 86]}, {'text': 'Omicron', 'indices': [87, 95]}, {'text': 'OmicronVirus', 'indices': [96, 109]}, {'text': 'OmicronVariant', 'indices': [110, 125]}, {'text': 'Corona', 'indices': [126, 133]}]"
_rakyatmerdeka,official akun Rakyat Merdeka Digital,,4,36,3458,2021-12-23 13:39:54,2022-04-02 02:16:53,5,"Buka Akses Booster Untuk Rakyat Kecil

#Booster #Vaksin #vaksinasi #Omicron #OmicronVirus #OmicronVariant #Corona #coronavirus #COVID19 #COVID #RakyatMerdeka #RMid 
 https://t.co/lfNVZnshYQ","[{'text': 'Booster', 'indices': [39, 47]}, {'text': 'Vaksin', 'indices': [48, 55]}, {'text': 'vaksinasi', 'indices': [56, 66]}, {'text': 'Omicron', 'indices': [67, 75]}, {'text': 'OmicronVirus', 'indices': [76, 89]}, {'text': 'OmicronVariant', 'indices': [90, 105]}, {'text': 'Corona', 'indices': [106, 113]}, {'text': 'coronavirus', 'indices': [114, 126]}, {'text': 'COVID19', 'indices': [127, 135]}, {'text': 'COVID', 'indices': [136, 142]}, {'text': 'RakyatMerdeka', 'indices': [143, 157]}, {'text': 'RMid', 'indices': [158, 163]}]"
HKerambitan,Humas Polsek Kerambitan,,12,35,2492,2019-10-24 15:09:04,2022-04-02 01:43:27,0,Bhabinkamtibmas desa Abiantuwung Kediri pengamanan vaksinasi Booster di desa binaannya.  #vaksinbooster #vaksinserentak #vaks√¨nasicovid19 #vaks√¨ncovid19 #ayokitavaksin #ayovaks√¨ncovid19 #bersatulawancovid19 #bersamalawancorona #polrestabanan https://t.co/9vVM1Iu1yL,"[{'text': 'vaksinbooster', 'indices': [89, 103]}, {'text': 'vaksinserentak', 'indices': [104, 119]}, {'text': 'vaks√¨nasicovid19', 'indices': [120, 137]}, {'text': 'vaks√¨ncovid19', 'indices': [138, 152]}, {'text': 'ayokitavaksin', 'indices': [153, 167]}, {'text': 'ayovaks√¨ncovid19', 'indices': [168, 185]}, {'text': 'bersatulawancovid19', 'indices': [186, 206]}, {'text': 'bersamalawancorona', 'indices': [207, 226]}, {'text': 'polrestabanan', 'indices': [227, 241]}]"
HKerambitan,Humas Polsek Kerambitan,,12,35,2492,2019-10-24 15:09:04,2022-04-02 01:40:56,0,"Ayo sukseskan vaksinasi Covid-19, dengan tetap menjaga Prokes. #ayovaks√¨ncovid19 #ayokitavaksin #vaks√¨nasicovid19 #vaks√¨ncovid19 #vaksinserentak #vaksinbooster #bersatulawancovid19 #polrestabanan https://t.co/ujzhOZA6rI","[{'text': 'ayovaks√¨ncovid19', 'indices': [63, 80]}, {'text': 'ayokitavaksin', 'indices': [81, 95]}, {'text': 'vaks√¨nasicovid19', 'indices': [96, 113]}, {'text': 'vaks√¨ncovid19', 'indices': [114, 128]}, {'text': 'vaksinserentak', 'indices': [129, 144]}, {'text': 'vaksinbooster', 'indices': [145, 159]}, {'text': 'bersatulawancovid19', 'indices': [160, 180]}, {'text': 'polrestabanan', 'indices': [181, 195]}]"
AyuRahm01593918,"Im Army
Line 01
Bias Taehyung
Salam Kenal","Kota Mojokerto, Jawa Timur",3298,405,3629,2021-12-02 01:03:19,2022-04-02 01:21:22,4,"Tahun ini, seiring dengan terkendalinya laju COVID-19 di Indonesia saat ini, Presiden Republik Indonesia Joko Widodo memberikan izin kepada masyarakat untuk melakukan mudik lebaran dengan syarat. Baca Selengkapnya https://t.co/ZDuFUA997S
___
#vivacoid #mudik2022 #vaksincovid19 https://t.co/QFWcyxk5Hw",[]
PSelemadeg,,,5,19,1344,2021-02-23 05:33:04,2022-04-02 01:12:13,0,Bhabinkamtibmas desa Abiantuwung Kediri pengamanan vaksinasi Booster di desa binaannya.  #vaksinbooster #vaksinserentak #vaks√¨nasicovid19 #vaks√¨ncovid19 #ayokitavaksin #ayovaks√¨ncovid19 #bersatulawancovid19 #bersamalawancorona #polrestabanan https://t.co/OQqFPzxcqB,"[{'text': 'vaksinbooster', 'indices': [89, 103]}, {'text': 'vaksinserentak', 'indices': [104, 119]}, {'text': 'vaks√¨nasicovid19', 'indices': [120, 137]}, {'text': 'vaks√¨ncovid19', 'indices': [138, 152]}, {'text': 'ayokitavaksin', 'indices': [153, 167]}, {'text': 'ayovaks√¨ncovid19', 'indices': [168, 185]}, {'text': 'bersatulawancovid19', 'indices': [186, 206]}, {'text': 'bersamalawancorona', 'indices': [207, 226]}, {'text': 'polrestabanan', 'indices': [227, 241]}]"
_rakyatmerdeka,official akun Rakyat Merdeka Digital,,4,36,3458,2021-12-23 13:39:54,2022-04-02 01:00:01,4,"Top News Koran Rakyat Merdeka

Imbauan Mendagri
Camat Harus Kampanye Disiplin Prokes Dan Vaksin

#Booster #Vaksin #vaksinasi #Omicron #OmicronVirus #OmicronVariant #Corona #coronavirus #COVID19 #COVID #RakyatMerdeka #RMid

https://t.co/lApOcVTX53","[{'text': 'Booster', 'indices': [97, 105]}, {'text': 'Vaksin', 'indices': [106, 113]}, {'text': 'vaksinasi', 'indices': [114, 124]}, {'text': 'Omicron', 'indices': [125, 133]}, {'text': 'OmicronVirus', 'indices': [134, 147]}, {'text': 'OmicronVariant', 'indices': [148, 163]}, {'text': 'Corona', 'indices': [164, 171]}, {'text': 'coronavirus', 'indices': [172, 184]}, {'text': 'COVID19', 'indices': [185, 193]}, {'text': 'COVID', 'indices': [194, 200]}, {'text': 'RakyatMerdeka', 'indices': [201, 215]}, {'text': 'RMid', 'indices': [216, 221]}]"
_rakyatmerdeka,official akun Rakyat Merdeka Digital,,4,36,3458,2021-12-23 13:39:54,2022-04-02 00:45:00,4,"Pemudik Berkendaraan Pribadi Bakal Diperiksa Acak Status Vaksinasinya

#mudik #Booster #Vaksin #vaksinasi #Omicron #OmicronVirus #OmicronVariant #Corona #coronavirus #COVID19 #COVID #RakyatMerdeka #RMid

https://t.co/5bnUaqu3z1","[{'text': 'mudik', 'indices': [71, 77]}, {'text': 'Booster', 'indices': [78, 86]}, {'text': 'Vaksin', 'indices': [87, 94]}, {'text': 'vaksinasi', 'indices': [95, 105]}, {'text': 'Omicron', 'indices': [106, 114]}, {'text': 'OmicronVirus', 'indices': [115, 128]}, {'text': 'OmicronVariant', 'indices': [129, 144]}, {'text': 'Corona', 'indices': [145, 152]}, {'text': 'coronavirus', 'indices': [153, 165]}, {'text': 'COVID19', 'indices': [166, 174]}, {'text': 'COVID', 'indices': [175, 181]}, {'text': 'RakyatMerdeka', 'indices': [182, 196]}, {'text': 'RMid', 'indices': [197, 202]}]"
PSelemadeg,,,5,19,1344,2021-02-23 05:33:04,2022-04-02 00:42:15,0,"Ayo sukseskan vaksinasi Covid-19, dengan tetap menjaga Prokes. #ayovaks√¨ncovid19 #ayokitavaksin #vaks√¨nasicovid19 #vaks√¨ncovid19 #vaksinserentak #vaksinbooster #bersatulawancovid19 #polrestabanan https://t.co/BxJNBhfop6","[{'text': 'ayovaks√¨ncovid19', 'indices': [63, 80]}, {'text': 'ayokitavaksin', 'indices': [81, 95]}, {'text': 'vaks√¨nasicovid19', 'indices': [96, 113]}, {'text': 'vaks√¨ncovid19', 'indices': [114, 128]}, {'text': 'vaksinserentak', 'indices': [129, 144]}, {'text': 'vaksinbooster', 'indices': [145, 159]}, {'text': 'bersatulawancovid19', 'indices': [160, 180]}, {'text': 'polrestabanan', 'indices': [181, 195]}]"
PolsekPenebel,Polsek penebel,,7,11,458,2021-11-27 00:38:21,2022-04-02 00:32:40,0,"Ayo sukseskan vaksinasi Covid-19, dengan tetap menjaga Prokes. #ayovaks√¨ncovid19 #ayokitavaksin #vaks√¨nasicovid19 #vaks√¨ncovid19 #vaksinserentak #vaksinbooster #bersatulawancovid19 #polrestabanan https://t.co/OoZ810Zzal","[{'text': 'ayovaks√¨ncovid19', 'indices': [63, 80]}, {'text': 'ayokitavaksin', 'indices': [81, 95]}, {'text': 'vaks√¨nasicovid19', 'indices': [96, 113]}, {'text': 'vaks√¨ncovid19', 'indices': [114, 128]}, {'text': 'vaksinserentak', 'indices': [129, 144]}, {'text': 'vaksinbooster', 'indices': [145, 159]}, {'text': 'bersatulawancovid19', 'indices': [160, 180]}, {'text': 'polrestabanan', 'indices': [181, 195]}]"
PolsekPenebel,Polsek penebel,,7,11,458,2021-11-27 00:38:21,2022-04-02 00:31:36,0,Bhabinkamtibmas desa Abiantuwung Kediri pengamanan vaksinasi Booster di desa binaannya.  #vaksinbooster #vaksinserentak #vaks√¨nasicovid19 #vaks√¨ncovid19 #ayokitavaksin #ayovaks√¨ncovid19 #bersatulawancovid19 #bersamalawancorona #polrestabanan https://t.co/ft04Ql5o1l,"[{'text': 'vaksinbooster', 'indices': [89, 103]}, {'text': 'vaksinserentak', 'indices': [104, 119]}, {'text': 'vaks√¨nasicovid19', 'indices': [120, 137]}, {'text': 'vaks√¨ncovid19', 'indices': [138, 152]}, {'text': 'ayokitavaksin', 'indices': [153, 167]}, {'text': 'ayovaks√¨ncovid19', 'indices': [168, 185]}, {'text': 'bersatulawancovid19', 'indices': [186, 206]}, {'text': 'bersamalawancorona', 'indices': [207, 226]}, {'text': 'polrestabanan', 'indices': [227, 241]}]"
HumasBaturiti,,"Baturiti, Indonesia",5,11,423,2022-02-09 07:31:02,2022-04-02 00:26:26,0,Bhabinkamtibmas desa Abiantuwung Kediri pengamanan vaksinasi Booster di desa binaannya.  #vaksinbooster #vaksinserentak #vaks√¨nasicovid19 #vaks√¨ncovid19 #ayokitavaksin #ayovaks√¨ncovid19 #bersatulawancovid19 #bersamalawancorona #polrestabanan https://t.co/N08YHz2NPu,"[{'text': 'vaksinbooster', 'indices': [89, 103]}, {'text': 'vaksinserentak', 'indices': [104, 119]}, {'text': 'vaks√¨nasicovid19', 'indices': [120, 137]}, {'text': 'vaks√¨ncovid19', 'indices': [138, 152]}, {'text': 'ayokitavaksin', 'indices': [153, 167]}, {'text': 'ayovaks√¨ncovid19', 'indices': [168, 185]}, {'text': 'bersatulawancovid19', 'indices': [186, 206]}, {'text': 'bersamalawancorona', 'indices': [207, 226]}, {'text': 'polrestabanan', 'indices': [227, 241]}]"
TabananHumas,,,4,9,4166,2021-05-09 22:52:02,2022-04-02 00:21:14,2,Bhabinkamtibmas desa Abiantuwung Kediri pengamanan vaksinasi Booster di desa binaannya.  #vaksinbooster #vaksinserentak #vaks√¨nasicovid19 #vaks√¨ncovid19 #ayokitavaksin #ayovaks√¨ncovid19 #bersatulawancovid19 #bersamalawancorona #polrestabanan https://t.co/W5DDJaYtln,"[{'text': 'vaksinbooster', 'indices': [109, 123]}, {'text': 'vaksinserentak', 'indices': [124, 139]}]"
TabananHumas,,,4,9,4166,2021-05-09 22:52:02,2022-04-02 00:21:01,3,"Ayo sukseskan vaksinasi Covid-19, dengan tetap menjaga Prokes. #ayovaks√¨ncovid19 #ayokitavaksin #vaks√¨nasicovid19 #vaks√¨ncovid19 #vaksinserentak #vaksinbooster #bersatulawancovid19 #polrestabanan https://t.co/kWjvF168zh","[{'text': 'ayovaks√¨ncovid19', 'indices': [83, 100]}, {'text': 'ayokitavaksin', 'indices': [101, 115]}, {'text': 'vaks√¨nasicovid19', 'indices': [116, 133]}]"
HumasBaturiti,,"Baturiti, Indonesia",5,11,423,2022-02-09 07:31:02,2022-04-02 00:20:12,1,"Ayo sukseskan vaksinasi Covid-19, dengan tetap menjaga Prokes. #ayovaks√¨ncovid19 #ayokitavaksin #vaks√¨nasicovid19 #vaks√¨ncovid19 #vaksinserentak #vaksinbooster #bersatulawancovid19 #polrestabanan https://t.co/QKCCL0t4sO","[{'text': 'ayovaks√¨ncovid19', 'indices': [63, 80]}, {'text': 'ayokitavaksin', 'indices': [81, 95]}, {'text': 'vaks√¨nasicovid19', 'indices': [96, 113]}, {'text': 'vaks√¨ncovid19', 'indices': [114, 128]}, {'text': 'vaksinserentak', 'indices': [129, 144]}, {'text': 'vaksinbooster', 'indices': [145, 159]}, {'text': 'bersatulawancovid19', 'indices': [160, 180]}, {'text': 'polrestabanan', 'indices': [181, 195]}]"
polsekmarga,ganteng,,127,27,2369,2019-12-02 15:10:16,2022-04-02 00:10:26,0,Bhabinkamtibmas desa Abiantuwung Kediri pengamanan vaksinasi Booster di desa binaannya.  #vaksinbooster #vaksinserentak #vaks√¨nasicovid19 #vaks√¨ncovid19 #ayokitavaksin #ayovaks√¨ncovid19 #bersatulawancovid19 #bersamalawancorona #polrestabanan https://t.co/uVemuotgc3,"[{'text': 'vaksinbooster', 'indices': [89, 103]}, {'text': 'vaksinserentak', 'indices': [104, 119]}, {'text': 'vaks√¨nasicovid19', 'indices': [120, 137]}, {'text': 'vaks√¨ncovid19', 'indices': [138, 152]}, {'text': 'ayokitavaksin', 'indices': [153, 167]}, {'text': 'ayovaks√¨ncovid19', 'indices': [168, 185]}, {'text': 'bersatulawancovid19', 'indices': [186, 206]}, {'text': 'bersamalawancorona', 'indices': [207, 226]}, {'text': 'polrestabanan', 'indices': [227, 241]}]"
polsekmarga,ganteng,,127,27,2369,2019-12-02 15:10:16,2022-04-02 00:02:49,0,"Ayo sukseskan vaksinasi Covid-19, dengan tetap menjaga Prokes. #ayovaks√¨ncovid19 #ayokitavaksin #vaks√¨nasicovid19 #vaks√¨ncovid19 #vaksinserentak #vaksinbooster #bersatulawancovid19 #polrestabanan https://t.co/Ze1eyqrOv3","[{'text': 'ayovaks√¨ncovid19', 'indices': [63, 80]}, {'text': 'ayokitavaksin', 'indices': [81, 95]}, {'text': 'vaks√¨nasicovid19', 'indices': [96, 113]}, {'text': 'vaks√¨ncovid19', 'indices': [114, 128]}, {'text': 'vaksinserentak', 'indices': [129, 144]}, {'text': 'vaksinbooster', 'indices': [145, 159]}, {'text': 'bersatulawancovid19', 'indices': [160, 180]}, {'text': 'polrestabanan', 'indices': [181, 195]}]"
